Time,Voltage,SOC
0.0,50.0,100.0
0.01,50.0,99.99999722222222
0.02,50.0,99.99999444444444
0.03,50.0,99.99999166666667
0.04,50.0,99.9999888888889
0.05,50.0,99.99998611111111
0.06,50.0,99.99998333333333
0.07,50.0,99.99998055555555
0.08,50.0,99.99997777777777
0.09,50.0,99.999975
0.1,50.0,99.99997222222223
0.11,50.0,99.99996944444445
0.12,50.0,99.99996666666667
0.13,50.0,99.99996388888889
0.14,50.0,99.9999611111111
0.15,50.0,99.99995833333334
0.16,50.0,99.99995555555556
0.17,50.0,99.99995277777778
0.18,50.0,99.99995
0.19,50.0,99.99994722222222
0.2,50.0,99.99994444444444
0.21,50.0,99.99994166666667
0.22,50.0,99.99993888888889
0.23,50.0,99.99993611111111
0.24,50.0,99.99993333333333
0.25,50.0,99.99993055555555
0.26,50.0,99.99992777777778
0.27,50.0,99.999925
0.28,50.0,99.99992222222222
0.29,50.0,99.99991944444444
0.3,50.0,99.99991666666666
0.31,50.0,99.99991388888888
0.32,50.0,99.99991111111112
0.33,50.0,99.99990833333334
0.34,50.0,99.99990555555556
0.35000000000000003,50.0,99.99990277777778
0.36,50.0,99.9999
0.37,50.0,99.99989722222222
0.38,50.0,99.99989444444445
0.39,50.0,99.99989166666667
0.4,50.0,99.99988888888889
0.41000000000000003,50.0,99.99988611111111
0.42,50.0,99.99988333333333
0.43,50.0,99.99988055555555
0.44,50.0,99.99987777777778
0.45,50.0,99.999875
0.46,50.0,99.99987222222222
0.47000000000000003,50.0,99.99986944444444
0.48,50.0,99.99986666666666
0.49,50.0,99.99986388888888
0.5,50.0,99.99986111111112
0.51,50.0,99.99985833333334
0.52,50.0,99.99985555555556
0.53,50.0,99.99985277777778
0.54,50.0,99.99985
0.55,50.0,99.99984722222223
0.56,50.0,99.99984444444445
0.5700000000000001,50.0,99.99984166666667
0.58,50.0,99.99983888888889
0.59,50.0,99.99983611111111
0.6,50.0,99.99983333333333
0.61,50.0,99.99983055555556
0.62,50.0,99.99982777777778
0.63,50.0,99.999825
0.64,50.0,99.99982222222222
0.65,50.0,99.99981944444444
0.66,50.0,99.99981666666666
0.67,50.0,99.9998138888889
0.68,50.0,99.99981111111111
0.6900000000000001,50.0,99.99980833333333
0.7000000000000001,50.0,99.99980555555555
0.71,50.0,99.99980277777777
0.72,50.0,99.9998
0.73,50.0,99.99979722222223
0.74,50.0,99.99979444444445
0.75,50.0,99.99979166666667
0.76,50.0,99.99978888888889
0.77,50.0,99.9997861111111
0.78,50.0,99.99978333333334
0.79,50.0,99.99978055555556
0.8,50.0,99.99977777777778
0.81,50.0,99.999775
0.8200000000000001,50.0,99.99977222222222
0.8300000000000001,50.0,99.99976944444444
0.84,50.0,99.99976666666667
0.85,50.0,99.99976388888889
0.86,50.0,99.99976111111111
0.87,50.0,99.99975833333333
0.88,50.0,99.99975555555555
0.89,50.0,99.99975277777777
0.9,50.0,99.99975
0.91,50.0,99.99974722222223
0.92,50.0,99.99974444444445
0.93,50.0,99.99974166666667
0.9400000000000001,50.0,99.99973888888888
0.9500000000000001,50.0,99.9997361111111
0.96,50.0,99.99973333333334
0.97,50.0,99.99973055555556
0.98,50.0,99.99972777777778
0.99,50.0,99.999725
1.0,50.0,99.99972222222222
1.01,50.0,99.99971944444444
1.02,50.0,99.99971666666667
1.03,50.0,99.99971388888889
1.04,50.0,99.99971111111111
1.05,50.0,99.99970833333333
1.06,50.0,99.99970555555555
1.07,50.0,99.99970277777778
1.08,50.0,99.9997
1.09,50.0,99.99969722222222
1.1,50.0,99.99969444444444
1.11,50.0,99.99969166666666
1.12,50.0,99.99968888888888
1.1300000000000001,50.0,99.99968611111112
1.1400000000000001,50.0,99.99968333333334
1.1500000000000001,50.0,99.99968055555556
1.16,50.0,99.99967777777778
1.17,50.0,99.999675
1.18,50.0,99.99967222222222
1.19,50.0,99.99966944444445
1.2,50.0,99.99966666666667
1.21,50.0,99.99966388888889
1.22,50.0,99.99966111111111
1.23,50.0,99.99965833333333
1.24,50.0,99.99965555555555
1.25,50.0,99.99965277777778
1.26,50.0,99.99965
1.27,50.0,99.99964722222222
1.28,50.0,99.99964444444444
1.29,50.0,99.99964166666666
1.3,50.0,99.9996388888889
1.31,50.0,99.99963611111112
1.32,50.0,99.99963333333334
1.33,50.0,99.99963055555556
1.34,50.0,99.99962777777777
1.35,50.0,99.999625
1.36,50.0,99.99962222222223
1.37,50.0,99.99961944444445
1.3800000000000001,50.0,99.99961666666667
1.3900000000000001,50.0,99.99961388888889
1.4000000000000001,50.0,99.99961111111111
1.41,50.0,99.99960833333333
1.42,50.0,99.99960555555556
1.43,50.0,99.99960277777778
1.44,50.0,99.9996
1.45,50.0,99.99959722222222
1.46,50.0,99.99959444444444
1.47,50.0,99.99959166666666
1.48,50.0,99.9995888888889
1.49,50.0,99.99958611111111
1.5,50.0,99.99958333333333
1.51,50.0,99.99958055555555
1.52,50.0,99.99957777777777
1.53,50.0,99.999575
1.54,50.0,99.99957222222223
1.55,50.0,99.99956944444445
1.56,50.0,99.99956666666667
1.57,50.0,99.99956388888889
1.58,50.0,99.9995611111111
1.59,50.0,99.99955833333334
1.6,50.0,99.99955555555556
1.61,50.0,99.99955277777778
1.62,50.0,99.99955
1.6300000000000001,50.0,99.99954722222222
1.6400000000000001,50.0,99.99954444444444
1.6500000000000001,50.0,99.99954166666667
1.6600000000000001,50.0,99.99953888888889
1.67,50.0,99.99953611111111
1.68,50.0,99.99953333333333
1.69,50.0,99.99953055555555
1.7,50.0,99.99952777777777
1.71,50.0,99.999525
1.72,50.0,99.99952222222223
1.73,50.0,99.99951944444445
1.74,50.0,99.99951666666666
1.75,50.0,99.99951388888888
1.76,50.0,99.9995111111111
1.77,50.0,99.99950833333334
1.78,50.0,99.99950555555556
1.79,50.0,99.99950277777778
1.8,50.0,99.9995
1.81,50.0,99.99949722222222
1.82,50.0,99.99949444444445
1.83,50.0,99.99949166666667
1.84,50.0,99.99948888888889
1.85,50.0,99.99948611111111
1.86,50.0,99.99948333333333
1.87,50.0,99.99948055555555
1.8800000000000001,50.0,99.99947777777778
1.8900000000000001,50.0,99.999475
1.9000000000000001,50.0,99.99947222222222
1.9100000000000001,50.0,99.99946944444444
1.92,50.0,99.99946666666666
1.93,50.0,99.99946388888888
1.94,50.0,99.99946111111112
1.95,50.0,99.99945833333334
1.96,50.0,99.99945555555556
1.97,50.0,99.99945277777778
1.98,50.0,99.99945
1.99,50.0,99.99944722222222
2.0,50.0,99.99944444444445
2.0100000000000002,50.0,99.99944166666667
2.02,50.0,99.99943888888889
2.0300000000000002,50.0,99.99943611111111
2.04,50.0,99.99943333333333
2.05,50.0,99.99943055555555
2.06,50.0,99.99942777777778
2.07,50.0,99.999425
2.08,50.0,99.99942222222222
2.09,50.0,99.99941944444444
2.1,50.0,99.99941666666666
2.11,50.0,99.9994138888889
2.12,50.0,99.99941111111112
2.13,50.0,99.99940833333334
2.14,50.0,99.99940555555555
2.15,50.0,99.99940277777777
2.16,50.0,99.9994
2.17,50.0,99.99939722222223
2.18,50.0,99.99939444444445
2.19,50.0,99.99939166666667
2.2,50.0,99.99938888888889
2.21,50.0,99.99938611111111
2.22,50.0,99.99938333333333
2.23,50.0,99.99938055555556
2.24,50.0,99.99937777777778
2.25,50.0,99.999375
2.2600000000000002,50.0,99.99937222222222
2.27,50.0,99.99936944444444
2.2800000000000002,50.0,99.99936666666666
2.29,50.0,99.9993638888889
2.3000000000000003,50.0,99.99936111111111
2.31,50.0,99.99935833333333
2.32,50.0,99.99935555555555
2.33,50.0,99.99935277777777
2.34,50.0,99.99935
2.35,50.0,99.99934722222223
2.36,50.0,99.99934444444445
2.37,50.0,99.99934166666667
2.38,50.0,99.99933888888889
2.39,50.0,99.9993361111111
2.4,50.0,99.99933333333334
2.41,50.0,99.99933055555556
2.42,50.0,99.99932777777778
2.43,50.0,99.999325
2.44,50.0,99.99932222222222
2.45,50.0,99.99931944444444
2.46,50.0,99.99931666666667
2.47,50.0,99.99931388888889
2.48,50.0,99.99931111111111
2.49,50.0,99.99930833333333
2.5,50.0,99.99930555555555
2.5100000000000002,50.0,99.99930277777777
2.52,50.0,99.9993
2.5300000000000002,50.0,99.99929722222222
2.54,50.0,99.99929444444444
2.5500000000000003,50.0,99.99929166666666
2.56,50.0,99.99928888888888
2.57,50.0,99.99928611111112
2.58,50.0,99.99928333333334
2.59,50.0,99.99928055555556
2.6,50.0,99.99927777777778
2.61,50.0,99.999275
2.62,50.0,99.99927222222222
2.63,50.0,99.99926944444445
2.64,50.0,99.99926666666667
2.65,50.0,99.99926388888889
2.66,50.0,99.99926111111111
2.67,50.0,99.99925833333333
2.68,50.0,99.99925555555555
2.69,50.0,99.99925277777778
2.7,50.0,99.99925
2.71,50.0,99.99924722222222
2.72,50.0,99.99924444444444
2.73,50.0,99.99924166666666
2.74,50.0,99.99923888888888
2.75,50.0,99.99923611111112
2.7600000000000002,50.0,99.99923333333334
2.77,50.0,99.99923055555556
2.7800000000000002,50.0,99.99922777777778
2.79,50.0,99.999225
2.8000000000000003,50.0,99.99922222222222
2.81,50.0,99.99921944444445
2.82,50.0,99.99921666666667
2.83,50.0,99.99921388888889
2.84,50.0,99.99921111111111
2.85,50.0,99.99920833333333
2.86,50.0,99.99920555555556
2.87,50.0,99.99920277777778
2.88,50.0,99.9992
2.89,50.0,99.99919722222222
2.9,50.0,99.99919444444444
2.91,50.0,99.99919166666666
2.92,50.0,99.9991888888889
2.93,50.0,99.99918611111111
2.94,50.0,99.99918333333333
2.95,50.0,99.99918055555555
2.96,50.0,99.99917777777777
2.97,50.0,99.999175
2.98,50.0,99.99917222222223
2.99,50.0,99.99916944444445
3.0,50.0,99.99916666666667
3.0100000000000002,50.0,99.99916388888889
3.02,50.0,99.9991611111111
3.0300000000000002,50.0,99.99915833333333
3.04,50.0,99.99915555555556
3.0500000000000003,50.0,99.99915277777778
3.06,50.0,99.99915
3.0700000000000003,50.0,99.99914722222222
3.08,50.0,99.99914444444444
3.09,50.0,99.99914166666667
3.1,50.0,99.9991388888889
3.11,50.0,99.99913611111111
3.12,50.0,99.99913333333333
3.13,50.0,99.99913055555555
3.14,50.0,99.99912777777777
3.15,50.0,99.999125
3.16,50.0,99.99912222222223
3.17,50.0,99.99911944444445
3.18,50.0,99.99911666666667
3.19,50.0,99.99911388888889
3.2,50.0,99.9991111111111
3.21,50.0,99.99910833333334
3.22,50.0,99.99910555555556
3.23,50.0,99.99910277777778
3.24,50.0,99.9991
3.25,50.0,99.99909722222222
3.2600000000000002,50.0,99.99909444444444
3.27,50.0,99.99909166666667
3.2800000000000002,50.0,99.99908888888889
3.29,50.0,99.99908611111111
3.3000000000000003,50.0,99.99908333333333
3.31,50.0,99.99908055555555
3.3200000000000003,50.0,99.99907777777777
3.33,50.0,99.999075
3.34,50.0,99.99907222222222
3.35,50.0,99.99906944444444
3.36,50.0,99.99906666666666
3.37,50.0,99.99906388888888
3.38,50.0,99.99906111111112
3.39,50.0,99.99905833333334
3.4,50.0,99.99905555555556
3.41,50.0,99.99905277777778
3.42,50.0,99.99905
3.43,50.0,99.99904722222222
3.44,50.0,99.99904444444445
3.45,50.0,99.99904166666667
3.46,50.0,99.99903888888889
3.47,50.0,99.99903611111111
3.48,50.0,99.99903333333333
3.49,50.0,99.99903055555555
3.5,50.0,99.99902777777778
3.5100000000000002,50.0,99.999025
3.52,50.0,99.99902222222222
3.5300000000000002,50.0,99.99901944444444
3.54,50.0,99.99901666666666
3.5500000000000003,50.0,99.99901388888888
3.56,50.0,99.99901111111112
3.5700000000000003,50.0,99.99900833333334
3.58,50.0,99.99900555555556
3.59,50.0,99.99900277777778
3.6,50.0,99.999
3.61,50.0,99.99899722222223
3.62,50.0,99.99899444444445
3.63,50.0,99.99899166666667
3.64,50.0,99.99898888888889
3.65,50.0,99.99898611111111
3.66,50.0,99.99898333333333
3.67,50.0,99.99898055555556
3.68,50.0,99.99897777777778
3.69,50.0,99.998975
3.7,50.0,99.99897222222222
3.71,50.0,99.99896944444444
3.72,50.0,99.99896666666666
3.73,50.0,99.9989638888889
3.74,50.0,99.99896111111111
3.75,50.0,99.99895833333333
3.7600000000000002,50.0,99.99895555555555
3.77,50.0,99.99895277777777
3.7800000000000002,50.0,99.99895
3.79,50.0,99.99894722222223
3.8000000000000003,50.0,99.99894444444445
3.81,50.0,99.99894166666667
3.8200000000000003,50.0,99.99893888888889
3.83,50.0,99.9989361111111
3.84,50.0,99.99893333333333
3.85,50.0,99.99893055555556
3.86,50.0,99.99892777777778
3.87,50.0,99.998925
3.88,50.0,99.99892222222222
3.89,50.0,99.99891944444444
3.9,50.0,99.99891666666667
3.91,50.0,99.9989138888889
3.92,50.0,99.99891111111111
3.93,50.0,99.99890833333333
3.94,50.0,99.99890555555555
3.95,50.0,99.99890277777777
3.96,50.0,99.9989
3.97,50.0,99.99889722222223
3.98,50.0,99.99889444444445
3.99,50.0,99.99889166666667
4.0,50.0,99.99888888888889
4.01,50.0,99.9988861111111
4.0200000000000005,50.0,99.99888333333334
4.03,50.0,99.99888055555556
4.04,50.0,99.99887777777778
4.05,50.0,99.998875
4.0600000000000005,50.0,99.99887222222222
4.07,50.0,99.99886944444444
4.08,50.0,99.99886666666667
4.09,50.0,99.99886388888889
4.1,50.0,99.99886111111111
4.11,50.0,99.99885833333333
4.12,50.0,99.99885555555555
4.13,50.0,99.99885277777778
4.14,50.0,99.99885
4.15,50.0,99.99884722222222
4.16,50.0,99.99884444444444
4.17,50.0,99.99884166666666
4.18,50.0,99.99883888888888
4.19,50.0,99.99883611111112
4.2,50.0,99.99883333333334
4.21,50.0,99.99883055555556
4.22,50.0,99.99882777777778
4.23,50.0,99.998825
4.24,50.0,99.99882222222222
4.25,50.0,99.99881944444445
4.26,50.0,99.99881666666667
4.2700000000000005,50.0,99.99881388888889
4.28,50.0,99.99881111111111
4.29,50.0,99.99880833333333
4.3,50.0,99.99880555555555
4.3100000000000005,50.0,99.99880277777778
4.32,50.0,99.9988
4.33,50.0,99.99879722222222
4.34,50.0,99.99879444444444
4.3500000000000005,50.0,99.99879166666666
4.36,50.0,99.99878888888888
4.37,50.0,99.99878611111112
4.38,50.0,99.99878333333334
4.39,50.0,99.99878055555556
4.4,50.0,99.99877777777778
4.41,50.0,99.998775
4.42,50.0,99.99877222222223
4.43,50.0,99.99876944444445
4.44,50.0,99.99876666666667
4.45,50.0,99.99876388888889
4.46,50.0,99.99876111111111
4.47,50.0,99.99875833333333
4.48,50.0,99.99875555555556
4.49,50.0,99.99875277777778
4.5,50.0,99.99875
4.51,50.0,99.99874722222222
4.5200000000000005,50.0,99.99874444444444
4.53,50.0,99.99874166666666
4.54,50.0,99.9987388888889
4.55,50.0,99.99873611111111
4.5600000000000005,50.0,99.99873333333333
4.57,50.0,99.99873055555555
4.58,50.0,99.99872777777777
4.59,50.0,99.998725
4.6000000000000005,50.0,99.99872222222223
4.61,50.0,99.99871944444445
4.62,50.0,99.99871666666667
4.63,50.0,99.99871388888889
4.64,50.0,99.9987111111111
4.65,50.0,99.99870833333334
4.66,50.0,99.99870555555556
4.67,50.0,99.99870277777778
4.68,50.0,99.9987
4.69,50.0,99.99869722222222
4.7,50.0,99.99869444444444
4.71,50.0,99.99869166666667
4.72,50.0,99.99868888888889
4.73,50.0,99.99868611111111
4.74,50.0,99.99868333333333
4.75,50.0,99.99868055555555
4.76,50.0,99.99867777777777
4.7700000000000005,50.0,99.998675
4.78,50.0,99.99867222222223
4.79,50.0,99.99866944444445
4.8,50.0,99.99866666666667
4.8100000000000005,50.0,99.99866388888888
4.82,50.0,99.9986611111111
4.83,50.0,99.99865833333334
4.84,50.0,99.99865555555556
4.8500000000000005,50.0,99.99865277777778
4.86,50.0,99.99865
4.87,50.0,99.99864722222222
4.88,50.0,99.99864444444445
4.89,50.0,99.99864166666667
4.9,50.0,99.99863888888889
4.91,50.0,99.99863611111111
4.92,50.0,99.99863333333333
4.93,50.0,99.99863055555555
4.94,50.0,99.99862777777778
4.95,50.0,99.998625
4.96,50.0,99.99862222222222
4.97,50.0,99.99861944444444
4.98,50.0,99.99861666666666
4.99,50.0,99.99861388888888
5.0,50.0,99.99861111111112
5.01,50.0,99.99860833333334
5.0200000000000005,50.0,99.99860555555556
5.03,50.0,99.99860277777778
5.04,50.0,99.9986
5.05,50.0,99.99859722222222
5.0600000000000005,50.0,99.99859444444445
5.07,50.0,99.99859166666667
5.08,50.0,99.99858888888889
5.09,50.0,99.99858611111111
5.1000000000000005,50.0,99.99858333333333
5.11,50.0,99.99858055555555
5.12,50.0,99.99857777777778
5.13,50.0,99.998575
5.14,50.0,99.99857222222222
5.15,50.0,99.99856944444444
5.16,50.0,99.99856666666666
5.17,50.0,99.9985638888889
5.18,50.0,99.99856111111112
5.19,50.0,99.99855833333334
5.2,50.0,99.99855555555555
5.21,50.0,99.99855277777777
5.22,50.0,99.99855
5.23,50.0,99.99854722222223
5.24,50.0,99.99854444444445
5.25,50.0,99.99854166666667
5.26,50.0,99.99853888888889
5.2700000000000005,50.0,99.99853611111111
5.28,50.0,99.99853333333333
5.29,50.0,99.99853055555556
5.3,50.0,99.99852777777778
5.3100000000000005,50.0,99.998525
5.32,50.0,99.99852222222222
5.33,50.0,99.99851944444444
5.34,50.0,99.99851666666666
5.3500000000000005,50.0,99.9985138888889
5.36,50.0,99.99851111111111
5.37,50.0,99.99850833333333
5.38,50.0,99.99850555555555
5.39,50.0,99.99850277777777
5.4,50.0,99.9985
5.41,50.0,99.99849722222223
5.42,50.0,99.99849444444445
5.43,50.0,99.99849166666667
5.44,50.0,99.99848888888889
5.45,50.0,99.9984861111111
5.46,50.0,99.99848333333334
5.47,50.0,99.99848055555556
5.48,50.0,99.99847777777778
5.49,50.0,99.998475
5.5,50.0,99.99847222222222
5.51,50.0,99.99846944444444
5.5200000000000005,50.0,99.99846666666667
5.53,50.0,99.99846388888889
5.54,50.0,99.99846111111111
5.55,50.0,99.99845833333333
5.5600000000000005,50.0,99.99845555555555
5.57,50.0,99.99845277777777
5.58,50.0,99.99845
5.59,50.0,99.99844722222223
5.6000000000000005,50.0,99.99844444444444
5.61,50.0,99.99844166666666
5.62,50.0,99.99843888888888
5.63,50.0,99.9984361111111
5.64,50.0,99.99843333333334
5.65,50.0,99.99843055555556
5.66,50.0,99.99842777777778
5.67,50.0,99.998425
5.68,50.0,99.99842222222222
5.69,50.0,99.99841944444445
5.7,50.0,99.99841666666667
5.71,50.0,99.99841388888889
5.72,50.0,99.99841111111111
5.73,50.0,99.99840833333333
5.74,50.0,99.99840555555555
5.75,50.0,99.99840277777778
5.76,50.0,99.9984
5.7700000000000005,50.0,99.99839722222222
5.78,50.0,99.99839444444444
5.79,50.0,99.99839166666666
5.8,50.0,99.99838888888888
5.8100000000000005,50.0,99.99838611111112
5.82,50.0,99.99838333333334
5.83,50.0,99.99838055555556
5.84,50.0,99.99837777777778
5.8500000000000005,50.0,99.998375
5.86,50.0,99.99837222222222
5.87,50.0,99.99836944444445
5.88,50.0,99.99836666666667
5.89,50.0,99.99836388888889
5.9,50.0,99.99836111111111
5.91,50.0,99.99835833333333
5.92,50.0,99.99835555555556
5.93,50.0,99.99835277777778
5.94,50.0,99.99835
5.95,50.0,99.99834722222222
5.96,50.0,99.99834444444444
5.97,50.0,99.99834166666666
5.98,50.0,99.9983388888889
5.99,50.0,99.99833611111112
6.0,50.0,99.99833333333333
6.01,50.0,99.99833055555555
6.0200000000000005,50.0,99.99832777777777
6.03,50.0,99.998325
6.04,50.0,99.99832222222223
6.05,50.0,99.99831944444445
6.0600000000000005,50.0,99.99831666666667
6.07,50.0,99.99831388888889
6.08,50.0,99.99831111111111
6.09,50.0,99.99830833333333
6.1000000000000005,50.0,99.99830555555556
6.11,50.0,99.99830277777778
6.12,50.0,99.9983
6.13,50.0,99.99829722222222
6.140000000000001,50.0,99.99829444444444
6.15,50.0,99.99829166666666
6.16,50.0,99.9982888888889
6.17,50.0,99.99828611111111
6.18,50.0,99.99828333333333
6.19,50.0,99.99828055555555
6.2,50.0,99.99827777777777
6.21,50.0,99.998275
6.22,50.0,99.99827222222223
6.23,50.0,99.99826944444445
6.24,50.0,99.99826666666667
6.25,50.0,99.99826388888889
6.26,50.0,99.9982611111111
6.2700000000000005,50.0,99.99825833333334
6.28,50.0,99.99825555555556
6.29,50.0,99.99825277777778
6.3,50.0,99.99825
6.3100000000000005,50.0,99.99824722222222
6.32,50.0,99.99824444444444
6.33,50.0,99.99824166666667
6.34,50.0,99.99823888888889
6.3500000000000005,50.0,99.99823611111111
6.36,50.0,99.99823333333333
6.37,50.0,99.99823055555555
6.38,50.0,99.99822777777777
6.390000000000001,50.0,99.998225
6.4,50.0,99.99822222222222
6.41,50.0,99.99821944444444
6.42,50.0,99.99821666666666
6.43,50.0,99.99821388888888
6.44,50.0,99.99821111111112
6.45,50.0,99.99820833333334
6.46,50.0,99.99820555555556
6.47,50.0,99.99820277777778
6.48,50.0,99.9982
6.49,50.0,99.99819722222222
6.5,50.0,99.99819444444445
6.51,50.0,99.99819166666667
6.5200000000000005,50.0,99.99818888888889
6.53,50.0,99.99818611111111
6.54,50.0,99.99818333333333
6.55,50.0,99.99818055555555
6.5600000000000005,50.0,99.99817777777778
6.57,50.0,99.998175
6.58,50.0,99.99817222222222
6.59,50.0,99.99816944444444
6.6000000000000005,50.0,99.99816666666666
6.61,50.0,99.99816388888888
6.62,50.0,99.99816111111112
6.63,50.0,99.99815833333334
6.640000000000001,50.0,99.99815555555556
6.65,50.0,99.99815277777778
6.66,50.0,99.99815
6.67,50.0,99.99814722222222
6.68,50.0,99.99814444444445
6.69,50.0,99.99814166666667
6.7,50.0,99.99813888888889
6.71,50.0,99.99813611111111
6.72,50.0,99.99813333333333
6.73,50.0,99.99813055555556
6.74,50.0,99.99812777777778
6.75,50.0,99.998125
6.76,50.0,99.99812222222222
6.7700000000000005,50.0,99.99811944444444
6.78,50.0,99.99811666666666
6.79,50.0,99.9981138888889
6.8,50.0,99.99811111111111
6.8100000000000005,50.0,99.99810833333333
6.82,50.0,99.99810555555555
6.83,50.0,99.99810277777777
6.84,50.0,99.9981
6.8500000000000005,50.0,99.99809722222223
6.86,50.0,99.99809444444445
6.87,50.0,99.99809166666667
6.88,50.0,99.99808888888889
6.890000000000001,50.0,99.9980861111111
6.9,50.0,99.99808333333333
6.91,50.0,99.99808055555556
6.92,50.0,99.99807777777778
6.93,50.0,99.998075
6.94,50.0,99.99807222222222
6.95,50.0,99.99806944444444
6.96,50.0,99.99806666666667
6.97,50.0,99.9980638888889
6.98,50.0,99.99806111111111
6.99,50.0,99.99805833333333
7.0,50.0,99.99805555555555
7.01,50.0,99.99805277777777
7.0200000000000005,50.0,99.99805
7.03,50.0,99.99804722222223
7.04,50.0,99.99804444444445
7.05,50.0,99.99804166666667
7.0600000000000005,50.0,99.99803888888889
7.07,50.0,99.9980361111111
7.08,50.0,99.99803333333334
7.09,50.0,99.99803055555556
7.1000000000000005,50.0,99.99802777777778
7.11,50.0,99.998025
7.12,50.0,99.99802222222222
7.13,50.0,99.99801944444444
7.140000000000001,50.0,99.99801666666667
7.15,50.0,99.99801388888889
7.16,50.0,99.99801111111111
7.17,50.0,99.99800833333333
7.18,50.0,99.99800555555555
7.19,50.0,99.99800277777777
7.2,50.0,99.998
7.21,50.0,99.99799722222222
7.22,50.0,99.99799444444444
7.23,50.0,99.99799166666666
7.24,50.0,99.99798888888888
7.25,50.0,99.99798611111112
7.26,50.0,99.99798333333334
7.2700000000000005,50.0,99.99798055555556
7.28,50.0,99.99797777777778
7.29,50.0,99.997975
7.3,50.0,99.99797222222222
7.3100000000000005,50.0,99.99796944444445
7.32,50.0,99.99796666666667
7.33,50.0,99.99796388888889
7.34,50.0,99.99796111111111
7.3500000000000005,50.0,99.99795833333333
7.36,50.0,99.99795555555555
7.37,50.0,99.99795277777778
7.38,50.0,99.99795
7.390000000000001,50.0,99.99794722222222
7.4,50.0,99.99794444444444
7.41,50.0,99.99794166666666
7.42,50.0,99.99793888888888
7.43,50.0,99.99793611111112
7.44,50.0,99.99793333333334
7.45,50.0,99.99793055555556
7.46,50.0,99.99792777777778
7.47,50.0,99.997925
7.48,50.0,99.99792222222223
7.49,50.0,99.99791944444445
7.5,50.0,99.99791666666667
7.51,50.0,99.99791388888889
7.5200000000000005,50.0,99.99791111111111
7.53,50.0,99.99790833333333
7.54,50.0,99.99790555555556
7.55,50.0,99.99790277777778
7.5600000000000005,50.0,99.9979
7.57,50.0,99.99789722222222
7.58,50.0,99.99789444444444
7.59,50.0,99.99789166666666
7.6000000000000005,50.0,99.9978888888889
7.61,50.0,99.99788611111111
7.62,50.0,99.99788333333333
7.63,50.0,99.99788055555555
7.640000000000001,50.0,99.99787777777777
7.65,50.0,99.997875
7.66,50.0,99.99787222222223
7.67,50.0,99.99786944444445
7.68,50.0,99.99786666666667
7.69,50.0,99.99786388888889
7.7,50.0,99.9978611111111
7.71,50.0,99.99785833333334
7.72,50.0,99.99785555555556
7.73,50.0,99.99785277777778
7.74,50.0,99.99785
7.75,50.0,99.99784722222222
7.76,50.0,99.99784444444444
7.7700000000000005,50.0,99.99784166666667
7.78,50.0,99.9978388888889
7.79,50.0,99.99783611111111
7.8,50.0,99.99783333333333
7.8100000000000005,50.0,99.99783055555555
7.82,50.0,99.99782777777777
7.83,50.0,99.997825
7.84,50.0,99.99782222222223
7.8500000000000005,50.0,99.99781944444445
7.86,50.0,99.99781666666667
7.87,50.0,99.99781388888889
7.88,50.0,99.9978111111111
7.890000000000001,50.0,99.99780833333334
7.9,50.0,99.99780555555556
7.91,50.0,99.99780277777778
7.92,50.0,99.9978
7.930000000000001,50.0,99.99779722222222
7.94,50.0,99.99779444444444
7.95,50.0,99.99779166666667
7.96,50.0,99.99778888888889
7.97,50.0,99.99778611111111
7.98,50.0,99.99778333333333
7.99,50.0,99.99778055555555
8.0,50.0,99.99777777777778
8.01,50.0,99.997775
8.02,50.0,99.99777222222222
8.03,50.0,99.99776944444444
8.040000000000001,50.0,99.99776666666666
8.05,50.0,99.99776388888888
8.06,50.0,99.99776111111112
8.07,50.0,99.99775833333334
8.08,50.0,99.99775555555556
8.09,50.0,99.99775277777778
8.1,50.0,99.99775
8.11,50.0,99.99774722222222
8.120000000000001,50.0,99.99774444444445
8.13,50.0,99.99774166666667
8.14,50.0,99.99773888888889
8.15,50.0,99.99773611111111
8.16,50.0,99.99773333333333
8.17,50.0,99.99773055555555
8.18,50.0,99.99772777777778
8.19,50.0,99.997725
8.2,50.0,99.99772222222222
8.21,50.0,99.99771944444444
8.22,50.0,99.99771666666666
8.23,50.0,99.9977138888889
8.24,50.0,99.99771111111112
8.25,50.0,99.99770833333334
8.26,50.0,99.99770555555556
8.27,50.0,99.99770277777777
8.28,50.0,99.9977
8.290000000000001,50.0,99.99769722222223
8.3,50.0,99.99769444444445
8.31,50.0,99.99769166666667
8.32,50.0,99.99768888888889
8.33,50.0,99.99768611111111
8.34,50.0,99.99768333333333
8.35,50.0,99.99768055555556
8.36,50.0,99.99767777777778
8.370000000000001,50.0,99.997675
8.38,50.0,99.99767222222222
8.39,50.0,99.99766944444444
8.4,50.0,99.99766666666666
8.41,50.0,99.9976638888889
8.42,50.0,99.99766111111111
8.43,50.0,99.99765833333333
8.44,50.0,99.99765555555555
8.45,50.0,99.99765277777777
8.46,50.0,99.99765
8.47,50.0,99.99764722222223
8.48,50.0,99.99764444444445
8.49,50.0,99.99764166666667
8.5,50.0,99.99763888888889
8.51,50.0,99.9976361111111
8.52,50.0,99.99763333333334
8.53,50.0,99.99763055555556
8.540000000000001,50.0,99.99762777777778
8.55,50.0,99.997625
8.56,50.0,99.99762222222222
8.57,50.0,99.99761944444444
8.58,50.0,99.99761666666667
8.59,50.0,99.99761388888889
8.6,50.0,99.99761111111111
8.61,50.0,99.99760833333333
8.620000000000001,50.0,99.99760555555555
8.63,50.0,99.99760277777777
8.64,50.0,99.9976
8.65,50.0,99.99759722222223
8.66,50.0,99.99759444444445
8.67,50.0,99.99759166666666
8.68,50.0,99.99758888888888
8.69,50.0,99.9975861111111
8.700000000000001,50.0,99.99758333333334
8.71,50.0,99.99758055555556
8.72,50.0,99.99757777777778
8.73,50.0,99.997575
8.74,50.0,99.99757222222222
8.75,50.0,99.99756944444445
8.76,50.0,99.99756666666667
8.77,50.0,99.99756388888889
8.78,50.0,99.99756111111111
8.790000000000001,50.0,99.99755833333333
8.8,50.0,99.99755555555555
8.81,50.0,99.99755277777778
8.82,50.0,99.99755
8.83,50.0,99.99754722222222
8.84,50.0,99.99754444444444
8.85,50.0,99.99754166666666
8.86,50.0,99.99753888888888
8.870000000000001,50.0,99.99753611111112
8.88,50.0,99.99753333333334
8.89,50.0,99.99753055555556
8.9,50.0,99.99752777777778
8.91,50.0,99.997525
8.92,50.0,99.99752222222222
8.93,50.0,99.99751944444445
8.94,50.0,99.99751666666667
8.950000000000001,50.0,99.99751388888889
8.96,50.0,99.99751111111111
8.97,50.0,99.99750833333333
8.98,50.0,99.99750555555555
8.99,50.0,99.99750277777778
9.0,50.0,99.9975
9.01,50.0,99.99749722222222
9.02,50.0,99.99749444444444
9.03,50.0,99.99749166666666
9.040000000000001,50.0,99.9974888888889
9.05,50.0,99.99748611111112
9.06,50.0,99.99748333333334
9.07,50.0,99.99748055555555
9.08,50.0,99.99747777777777
9.09,50.0,99.997475
9.1,50.0,99.99747222222223
9.11,50.0,99.99746944444445
9.120000000000001,50.0,99.99746666666667
9.13,50.0,99.99746388888889
9.14,50.0,99.99746111111111
9.15,50.0,99.99745833333333
9.16,50.0,99.99745555555556
9.17,50.0,99.99745277777778
9.18,50.0,99.99745
9.19,50.0,99.99744722222222
9.200000000000001,50.0,99.99744444444444
9.21,50.0,99.99744166666666
9.22,50.0,99.9974388888889
9.23,50.0,99.99743611111111
9.24,50.0,99.99743333333333
9.25,50.0,99.99743055555555
9.26,50.0,99.99742777777777
9.27,50.0,99.997425
9.28,50.0,99.99742222222223
9.290000000000001,50.0,99.99741944444445
9.3,50.0,99.99741666666667
9.31,50.0,99.99741388888889
9.32,50.0,99.9974111111111
9.33,50.0,99.99740833333334
9.34,50.0,99.99740555555556
9.35,50.0,99.99740277777778
9.36,50.0,99.9974
9.370000000000001,50.0,99.99739722222222
9.38,50.0,99.99739444444444
9.39,50.0,99.99739166666667
9.4,50.0,99.99738888888889
9.41,50.0,99.99738611111111
9.42,50.0,99.99738333333333
9.43,50.0,99.99738055555555
9.44,50.0,99.99737777777777
9.450000000000001,50.0,99.997375
9.46,50.0,99.99737222222222
9.47,50.0,99.99736944444444
9.48,50.0,99.99736666666666
9.49,50.0,99.99736388888888
9.5,50.0,99.9973611111111
9.51,50.0,99.99735833333334
9.52,50.0,99.99735555555556
9.53,50.0,99.99735277777778
9.540000000000001,50.0,99.99735
9.55,50.0,99.99734722222222
9.56,50.0,99.99734444444445
9.57,50.0,99.99734166666667
9.58,50.0,99.99733888888889
9.59,50.0,99.99733611111111
9.6,50.0,99.99733333333333
9.61,50.0,99.99733055555555
9.620000000000001,50.0,99.99732777777778
9.63,50.0,99.997325
9.64,50.0,99.99732222222222
9.65,50.0,99.99731944444444
9.66,50.0,99.99731666666666
9.67,50.0,99.99731388888888
9.68,50.0,99.99731111111112
9.69,50.0,99.99730833333334
9.700000000000001,50.0,99.99730555555556
9.71,50.0,99.99730277777778
9.72,50.0,99.9973
9.73,50.0,99.99729722222222
9.74,50.0,99.99729444444445
9.75,50.0,99.99729166666667
9.76,50.0,99.99728888888889
9.77,50.0,99.99728611111111
9.78,50.0,99.99728333333333
9.790000000000001,50.0,99.99728055555556
9.8,50.0,99.99727777777778
9.81,50.0,99.997275
9.82,50.0,99.99727222222222
9.83,50.0,99.99726944444444
9.84,50.0,99.99726666666666
9.85,50.0,99.9972638888889
9.86,50.0,99.99726111111111
9.870000000000001,50.0,99.99725833333333
9.88,50.0,99.99725555555555
9.89,50.0,99.99725277777777
9.9,50.0,99.99725
9.91,50.0,99.99724722222223
9.92,50.0,99.99724444444445
9.93,50.0,99.99724166666667
9.94,50.0,99.99723888888889
9.950000000000001,50.0,99.9972361111111
9.96,50.0,99.99723333333333
9.97,50.0,99.99723055555556
9.98,50.0,99.99722777777778
9.99,50.0,99.997225
10.0,50.0,99.99722222222222
10.01,50.0,99.99721944444444
10.02,50.0,99.99721666666667
10.03,50.0,99.9972138888889
10.040000000000001,50.0,99.99721111111111
10.05,50.0,99.99720833333333
10.06,50.0,99.99720555555555
10.07,50.0,99.99720277777777
10.08,50.0,99.9972
10.09,50.0,99.99719722222223
10.1,50.0,99.99719444444445
10.11,50.0,99.99719166666667
10.120000000000001,50.0,99.99718888888889
10.13,50.0,99.9971861111111
10.14,50.0,99.99718333333334
10.15,50.0,99.99718055555556
10.16,50.0,99.99717777777778
10.17,50.0,99.997175
10.18,50.0,99.99717222222222
10.19,50.0,99.99716944444444
10.200000000000001,50.0,99.99716666666667
10.21,50.0,99.99716388888889
10.22,50.0,99.99716111111111
10.23,50.0,99.99715833333333
10.24,50.0,99.99715555555555
10.25,50.0,99.99715277777777
10.26,50.0,99.99715
10.27,50.0,99.99714722222222
10.28,50.0,99.99714444444444
10.290000000000001,50.0,99.99714166666666
10.3,50.0,99.99713888888888
10.31,50.0,99.99713611111112
10.32,50.0,99.99713333333334
10.33,50.0,99.99713055555556
10.34,50.0,99.99712777777778
10.35,50.0,99.997125
10.36,50.0,99.99712222222222
10.370000000000001,50.0,99.99711944444445
10.38,50.0,99.99711666666667
10.39,50.0,99.99711388888889
10.4,50.0,99.99711111111111
10.41,50.0,99.99710833333333
10.42,50.0,99.99710555555555
10.43,50.0,99.99710277777778
10.44,50.0,99.9971
10.450000000000001,50.0,99.99709722222222
10.46,50.0,99.99709444444444
10.47,50.0,99.99709166666666
10.48,50.0,99.99708888888888
10.49,50.0,99.99708611111112
10.5,50.0,99.99708333333334
10.51,50.0,99.99708055555556
10.52,50.0,99.99707777777778
10.53,50.0,99.997075
10.540000000000001,50.0,99.99707222222223
10.55,50.0,99.99706944444445
10.56,50.0,99.99706666666667
10.57,50.0,99.99706388888889
10.58,50.0,99.99706111111111
10.59,50.0,99.99705833333333
10.6,50.0,99.99705555555556
10.61,50.0,99.99705277777778
10.620000000000001,50.0,99.99705
10.63,50.0,99.99704722222222
10.64,50.0,99.99704444444444
10.65,50.0,99.99704166666666
10.66,50.0,99.9970388888889
10.67,50.0,99.99703611111111
10.68,50.0,99.99703333333333
10.69,50.0,99.99703055555555
10.700000000000001,50.0,99.99702777777777
10.71,50.0,99.997025
10.72,50.0,99.99702222222223
10.73,50.0,99.99701944444445
10.74,50.0,99.99701666666667
10.75,50.0,99.99701388888889
10.76,50.0,99.9970111111111
10.77,50.0,99.99700833333333
10.78,50.0,99.99700555555556
10.790000000000001,50.0,99.99700277777778
10.8,50.0,99.997
10.81,50.0,99.99699722222222
10.82,50.0,99.99699444444444
10.83,50.0,99.99699166666667
10.84,50.0,99.9969888888889
10.85,50.0,99.99698611111111
10.86,50.0,99.99698333333333
10.870000000000001,50.0,99.99698055555555
10.88,50.0,99.99697777777777
10.89,50.0,99.996975
10.9,50.0,99.99697222222223
10.91,50.0,99.99696944444445
10.92,50.0,99.99696666666667
10.93,50.0,99.99696388888889
10.94,50.0,99.9969611111111
10.950000000000001,50.0,99.99695833333334
10.96,50.0,99.99695555555556
10.97,50.0,99.99695277777778
10.98,50.0,99.99695
10.99,50.0,99.99694722222222
11.0,50.0,99.99694444444444
11.01,50.0,99.99694166666667
11.02,50.0,99.99693888888889
11.03,50.0,99.99693611111111
11.040000000000001,50.0,99.99693333333333
11.05,50.0,99.99693055555555
11.06,50.0,99.99692777777778
11.07,50.0,99.996925
11.08,50.0,99.99692222222222
11.09,50.0,99.99691944444444
11.1,50.0,99.99691666666666
11.11,50.0,99.99691388888888
11.120000000000001,50.0,99.99691111111112
11.13,50.0,99.99690833333334
11.14,50.0,99.99690555555556
11.15,50.0,99.99690277777778
11.16,50.0,99.9969
11.17,50.0,99.99689722222222
11.18,50.0,99.99689444444445
11.19,50.0,99.99689166666667
11.200000000000001,50.0,99.99688888888889
11.21,50.0,99.99688611111111
11.22,50.0,99.99688333333333
11.23,50.0,99.99688055555555
11.24,50.0,99.99687777777778
11.25,50.0,99.996875
11.26,50.0,99.99687222222222
11.27,50.0,99.99686944444444
11.28,50.0,99.99686666666666
11.290000000000001,50.0,99.99686388888888
11.3,50.0,99.99686111111112
11.31,50.0,99.99685833333334
11.32,50.0,99.99685555555556
11.33,50.0,99.99685277777778
11.34,50.0,99.99685
11.35,50.0,99.99684722222223
11.36,50.0,99.99684444444445
11.370000000000001,50.0,99.99684166666667
11.38,50.0,99.99683888888889
11.39,50.0,99.99683611111111
11.4,50.0,99.99683333333333
11.41,50.0,99.99683055555556
11.42,50.0,99.99682777777778
11.43,50.0,99.996825
11.44,50.0,99.99682222222222
11.450000000000001,50.0,99.99681944444444
11.46,50.0,99.99681666666666
11.47,50.0,99.9968138888889
11.48,50.0,99.99681111111111
11.49,50.0,99.99680833333333
11.5,50.0,99.99680555555555
11.51,50.0,99.99680277777777
11.52,50.0,99.9968
11.53,50.0,99.99679722222223
11.540000000000001,50.0,99.99679444444445
11.55,50.0,99.99679166666667
11.56,50.0,99.99678888888889
11.57,50.0,99.9967861111111
11.58,50.0,99.99678333333334
11.59,50.0,99.99678055555556
11.6,50.0,99.99677777777778
11.61,50.0,99.996775
11.620000000000001,50.0,99.99677222222222
11.63,50.0,99.99676944444444
11.64,50.0,99.99676666666667
11.65,50.0,99.99676388888889
11.66,50.0,99.99676111111111
11.67,50.0,99.99675833333333
11.68,50.0,99.99675555555555
11.69,50.0,99.99675277777777
11.700000000000001,50.0,99.99675
11.71,50.0,99.99674722222223
11.72,50.0,99.99674444444445
11.73,50.0,99.99674166666667
11.74,50.0,99.99673888888888
11.75,50.0,99.9967361111111
11.76,50.0,99.99673333333334
11.77,50.0,99.99673055555556
11.78,50.0,99.99672777777778
11.790000000000001,50.0,99.996725
11.8,50.0,99.99672222222222
11.81,50.0,99.99671944444444
11.82,50.0,99.99671666666667
11.83,50.0,99.99671388888889
11.84,50.0,99.99671111111111
11.85,50.0,99.99670833333333
11.86,50.0,99.99670555555555
11.870000000000001,50.0,99.99670277777778
11.88,50.0,99.9967
11.89,50.0,99.99669722222222
11.9,50.0,99.99669444444444
11.91,50.0,99.99669166666666
11.92,50.0,99.99668888888888
11.93,50.0,99.99668611111112
11.94,50.0,99.99668333333334
11.950000000000001,50.0,99.99668055555556
11.96,50.0,99.99667777777778
11.97,50.0,99.996675
11.98,50.0,99.99667222222222
11.99,50.0,99.99666944444445
12.0,50.0,99.99666666666667
12.01,50.0,99.99666388888889
12.02,50.0,99.99666111111111
12.030000000000001,50.0,99.99665833333333
12.040000000000001,50.0,99.99665555555555
12.05,50.0,99.99665277777778
12.06,50.0,99.99665
12.07,50.0,99.99664722222222
12.08,50.0,99.99664444444444
12.09,50.0,99.99664166666666
12.1,50.0,99.9966388888889
12.11,50.0,99.99663611111112
12.120000000000001,50.0,99.99663333333334
12.13,50.0,99.99663055555556
12.14,50.0,99.99662777777777
12.15,50.0,99.996625
12.16,50.0,99.99662222222223
12.17,50.0,99.99661944444445
12.18,50.0,99.99661666666667
12.19,50.0,99.99661388888889
12.200000000000001,50.0,99.99661111111111
12.21,50.0,99.99660833333333
12.22,50.0,99.99660555555556
12.23,50.0,99.99660277777778
12.24,50.0,99.9966
12.25,50.0,99.99659722222222
12.26,50.0,99.99659444444444
12.27,50.0,99.99659166666666
12.280000000000001,50.0,99.9965888888889
12.290000000000001,50.0,99.99658611111111
12.3,50.0,99.99658333333333
12.31,50.0,99.99658055555555
12.32,50.0,99.99657777777777
12.33,50.0,99.996575
12.34,50.0,99.99657222222223
12.35,50.0,99.99656944444445
12.36,50.0,99.99656666666667
12.370000000000001,50.0,99.99656388888889
12.38,50.0,99.9965611111111
12.39,50.0,99.99655833333334
12.4,50.0,99.99655555555556
12.41,50.0,99.99655277777778
12.42,50.0,99.99655
12.43,50.0,99.99654722222222
12.44,50.0,99.99654444444444
12.450000000000001,50.0,99.99654166666667
12.46,50.0,99.99653888888889
12.47,50.0,99.99653611111111
12.48,50.0,99.99653333333333
12.49,50.0,99.99653055555555
12.5,50.0,99.99652777777777
12.51,50.0,99.996525
12.52,50.0,99.99652222222223
12.530000000000001,50.0,99.99651944444444
12.540000000000001,50.0,99.99651666666666
12.55,50.0,99.99651388888888
12.56,50.0,99.9965111111111
12.57,50.0,99.99650833333334
12.58,50.0,99.99650555555556
12.59,50.0,99.99650277777778
12.6,50.0,99.9965
12.61,50.0,99.99649722222222
12.620000000000001,50.0,99.99649444444445
12.63,50.0,99.99649166666667
12.64,50.0,99.99648888888889
12.65,50.0,99.99648611111111
12.66,50.0,99.99648333333333
12.67,50.0,99.99648055555555
12.68,50.0,99.99647777777778
12.69,50.0,99.996475
12.700000000000001,50.0,99.99647222222222
12.71,50.0,99.99646944444444
12.72,50.0,99.99646666666666
12.73,50.0,99.99646388888888
12.74,50.0,99.99646111111112
12.75,50.0,99.99645833333334
12.76,50.0,99.99645555555556
12.77,50.0,99.99645277777778
12.780000000000001,50.0,99.99645
12.790000000000001,50.0,99.99644722222222
12.8,50.0,99.99644444444445
12.81,50.0,99.99644166666667
12.82,50.0,99.99643888888889
12.83,50.0,99.99643611111111
12.84,50.0,99.99643333333333
12.85,50.0,99.99643055555556
12.86,50.0,99.99642777777778
12.870000000000001,50.0,99.996425
12.88,50.0,99.99642222222222
12.89,50.0,99.99641944444444
12.9,50.0,99.99641666666666
12.91,50.0,99.9964138888889
12.92,50.0,99.99641111111112
12.93,50.0,99.99640833333333
12.94,50.0,99.99640555555555
12.950000000000001,50.0,99.99640277777777
12.96,50.0,99.9964
12.97,50.0,99.99639722222223
12.98,50.0,99.99639444444445
12.99,50.0,99.99639166666667
13.0,50.0,99.99638888888889
13.01,50.0,99.99638611111111
13.02,50.0,99.99638333333333
13.030000000000001,50.0,99.99638055555556
13.040000000000001,50.0,99.99637777777778
13.05,50.0,99.996375
13.06,50.0,99.99637222222222
13.07,50.0,99.99636944444444
13.08,50.0,99.99636666666666
13.09,50.0,99.9963638888889
13.1,50.0,99.99636111111111
13.11,50.0,99.99635833333333
13.120000000000001,50.0,99.99635555555555
13.13,50.0,99.99635277777777
13.14,50.0,99.99635
13.15,50.0,99.99634722222223
13.16,50.0,99.99634444444445
13.17,50.0,99.99634166666667
13.18,50.0,99.99633888888889
13.19,50.0,99.9963361111111
13.200000000000001,50.0,99.99633333333334
13.21,50.0,99.99633055555556
13.22,50.0,99.99632777777778
13.23,50.0,99.996325
13.24,50.0,99.99632222222222
13.25,50.0,99.99631944444444
13.26,50.0,99.99631666666667
13.27,50.0,99.99631388888889
13.280000000000001,50.0,99.99631111111111
13.290000000000001,50.0,99.99630833333333
13.3,50.0,99.99630555555555
13.31,50.0,99.99630277777777
13.32,50.0,99.9963
13.33,50.0,99.99629722222222
13.34,50.0,99.99629444444444
13.35,50.0,99.99629166666666
13.36,50.0,99.99628888888888
13.370000000000001,50.0,99.99628611111112
13.38,50.0,99.99628333333334
13.39,50.0,99.99628055555556
13.4,50.0,99.99627777777778
13.41,50.0,99.996275
13.42,50.0,99.99627222222222
13.43,50.0,99.99626944444445
13.44,50.0,99.99626666666667
13.450000000000001,50.0,99.99626388888889
13.46,50.0,99.99626111111111
13.47,50.0,99.99625833333333
13.48,50.0,99.99625555555555
13.49,50.0,99.99625277777778
13.5,50.0,99.99625
13.51,50.0,99.99624722222222
13.52,50.0,99.99624444444444
13.530000000000001,50.0,99.99624166666666
13.540000000000001,50.0,99.99623888888888
13.55,50.0,99.99623611111112
13.56,50.0,99.99623333333334
13.57,50.0,99.99623055555556
13.58,50.0,99.99622777777778
13.59,50.0,99.996225
13.6,50.0,99.99622222222222
13.61,50.0,99.99621944444445
13.620000000000001,50.0,99.99621666666667
13.63,50.0,99.99621388888889
13.64,50.0,99.99621111111111
13.65,50.0,99.99620833333333
13.66,50.0,99.99620555555556
13.67,50.0,99.99620277777778
13.68,50.0,99.9962
13.69,50.0,99.99619722222222
13.700000000000001,50.0,99.99619444444444
13.71,50.0,99.99619166666666
13.72,50.0,99.9961888888889
13.73,50.0,99.99618611111111
13.74,50.0,99.99618333333333
13.75,50.0,99.99618055555555
13.76,50.0,99.99617777777777
13.77,50.0,99.996175
13.780000000000001,50.0,99.99617222222223
13.790000000000001,50.0,99.99616944444445
13.8,50.0,99.99616666666667
13.81,50.0,99.99616388888889
13.82,50.0,99.9961611111111
13.83,50.0,99.99615833333333
13.84,50.0,99.99615555555556
13.85,50.0,99.99615277777778
13.86,50.0,99.99615
13.870000000000001,50.0,99.99614722222222
13.88,50.0,99.99614444444444
13.89,50.0,99.99614166666667
13.9,50.0,99.9961388888889
13.91,50.0,99.99613611111111
13.92,50.0,99.99613333333333
13.93,50.0,99.99613055555555
13.94,50.0,99.99612777777777
13.950000000000001,50.0,99.996125
13.96,50.0,99.99612222222223
13.97,50.0,99.99611944444445
13.98,50.0,99.99611666666667
13.99,50.0,99.99611388888889
14.0,50.0,99.9961111111111
14.01,50.0,99.99610833333334
14.02,50.0,99.99610555555556
14.030000000000001,50.0,99.99610277777778
14.040000000000001,50.0,99.9961
14.05,50.0,99.99609722222222
14.06,50.0,99.99609444444444
14.07,50.0,99.99609166666667
14.08,50.0,99.99608888888889
14.09,50.0,99.99608611111111
14.1,50.0,99.99608333333333
14.11,50.0,99.99608055555555
14.120000000000001,50.0,99.99607777777777
14.13,50.0,99.996075
14.14,50.0,99.99607222222222
14.15,50.0,99.99606944444444
14.16,50.0,99.99606666666666
14.17,50.0,99.99606388888888
14.18,50.0,99.99606111111112
14.19,50.0,99.99605833333334
14.200000000000001,50.0,99.99605555555556
14.21,50.0,99.99605277777778
14.22,50.0,99.99605
14.23,50.0,99.99604722222222
14.24,50.0,99.99604444444445
14.25,50.0,99.99604166666667
14.26,50.0,99.99603888888889
14.27,50.0,99.99603611111111
14.280000000000001,50.0,99.99603333333333
14.290000000000001,50.0,99.99603055555555
14.3,50.0,99.99602777777778
14.31,50.0,99.996025
14.32,50.0,99.99602222222222
14.33,50.0,99.99601944444444
14.34,50.0,99.99601666666666
14.35,50.0,99.99601388888888
14.36,50.0,99.99601111111112
14.370000000000001,50.0,99.99600833333334
14.38,50.0,99.99600555555556
14.39,50.0,99.99600277777778
14.4,50.0,99.996
14.41,50.0,99.99599722222223
14.42,50.0,99.99599444444445
14.43,50.0,99.99599166666667
14.44,50.0,99.99598888888889
14.450000000000001,50.0,99.99598611111111
14.46,50.0,99.99598333333333
14.47,50.0,99.99598055555556
14.48,50.0,99.99597777777778
14.49,50.0,99.995975
14.5,50.0,99.99597222222222
14.51,50.0,99.99596944444444
14.52,50.0,99.99596666666666
14.530000000000001,50.0,99.9959638888889
14.540000000000001,50.0,99.99596111111111
14.55,50.0,99.99595833333333
14.56,50.0,99.99595555555555
14.57,50.0,99.99595277777777
14.58,50.0,99.99595
14.59,50.0,99.99594722222223
14.6,50.0,99.99594444444445
14.61,50.0,99.99594166666667
14.620000000000001,50.0,99.99593888888889
14.63,50.0,99.9959361111111
14.64,50.0,99.99593333333334
14.65,50.0,99.99593055555556
14.66,50.0,99.99592777777778
14.67,50.0,99.995925
14.68,50.0,99.99592222222222
14.69,50.0,99.99591944444444
14.700000000000001,50.0,99.99591666666667
14.71,50.0,99.9959138888889
14.72,50.0,99.99591111111111
14.73,50.0,99.99590833333333
14.74,50.0,99.99590555555555
14.75,50.0,99.99590277777777
14.76,50.0,99.9959
14.77,50.0,99.99589722222223
14.780000000000001,50.0,99.99589444444445
14.790000000000001,50.0,99.99589166666667
14.8,50.0,99.99588888888889
14.81,50.0,99.9958861111111
14.82,50.0,99.99588333333334
14.83,50.0,99.99588055555556
14.84,50.0,99.99587777777778
14.85,50.0,99.995875
14.86,50.0,99.99587222222222
14.870000000000001,50.0,99.99586944444444
14.88,50.0,99.99586666666667
14.89,50.0,99.99586388888889
14.9,50.0,99.99586111111111
14.91,50.0,99.99585833333333
14.92,50.0,99.99585555555555
14.93,50.0,99.99585277777778
14.94,50.0,99.99585
14.950000000000001,50.0,99.99584722222222
14.96,50.0,99.99584444444444
14.97,50.0,99.99584166666666
14.98,50.0,99.99583888888888
14.99,50.0,99.99583611111112
15.0,50.0,99.99583333333334
15.01,50.0,99.99583055555556
15.02,50.0,99.99582777777778
15.030000000000001,50.0,99.995825
15.040000000000001,50.0,99.99582222222222
15.05,50.0,99.99581944444445
15.06,50.0,99.99581666666667
15.07,50.0,99.99581388888889
15.08,50.0,99.99581111111111
15.09,50.0,99.99580833333333
15.1,50.0,99.99580555555555
15.11,50.0,99.99580277777778
15.120000000000001,50.0,99.9958
15.13,50.0,99.99579722222222
15.14,50.0,99.99579444444444
15.15,50.0,99.99579166666666
15.16,50.0,99.9957888888889
15.17,50.0,99.99578611111112
15.18,50.0,99.99578333333334
15.19,50.0,99.99578055555556
15.200000000000001,50.0,99.99577777777777
15.21,50.0,99.995775
15.22,50.0,99.99577222222223
15.23,50.0,99.99576944444445
15.24,50.0,99.99576666666667
15.25,50.0,99.99576388888889
15.26,50.0,99.99576111111111
15.27,50.0,99.99575833333333
15.280000000000001,50.0,99.99575555555556
15.290000000000001,50.0,99.99575277777778
15.3,50.0,99.99575
15.31,50.0,99.99574722222222
15.32,50.0,99.99574444444444
15.33,50.0,99.99574166666666
15.34,50.0,99.9957388888889
15.35,50.0,99.99573611111111
15.36,50.0,99.99573333333333
15.370000000000001,50.0,99.99573055555555
15.38,50.0,99.99572777777777
15.39,50.0,99.995725
15.4,50.0,99.99572222222223
15.41,50.0,99.99571944444445
15.42,50.0,99.99571666666667
15.43,50.0,99.99571388888889
15.44,50.0,99.9957111111111
15.450000000000001,50.0,99.99570833333334
15.46,50.0,99.99570555555556
15.47,50.0,99.99570277777778
15.48,50.0,99.9957
15.49,50.0,99.99569722222222
15.5,50.0,99.99569444444444
15.51,50.0,99.99569166666667
15.52,50.0,99.99568888888889
15.530000000000001,50.0,99.99568611111111
15.540000000000001,50.0,99.99568333333333
15.55,50.0,99.99568055555555
15.56,50.0,99.99567777777777
15.57,50.0,99.995675
15.58,50.0,99.99567222222223
15.59,50.0,99.99566944444445
15.6,50.0,99.99566666666666
15.610000000000001,50.0,99.99566388888888
15.620000000000001,50.0,99.9956611111111
15.63,50.0,99.99565833333334
15.64,50.0,99.99565555555556
15.65,50.0,99.99565277777778
15.66,50.0,99.99565
15.67,50.0,99.99564722222222
15.68,50.0,99.99564444444445
15.69,50.0,99.99564166666667
15.700000000000001,50.0,99.99563888888889
15.71,50.0,99.99563611111111
15.72,50.0,99.99563333333333
15.73,50.0,99.99563055555555
15.74,50.0,99.99562777777778
15.75,50.0,99.995625
15.76,50.0,99.99562222222222
15.77,50.0,99.99561944444444
15.780000000000001,50.0,99.99561666666666
15.790000000000001,50.0,99.99561388888888
15.8,50.0,99.99561111111112
15.81,50.0,99.99560833333334
15.82,50.0,99.99560555555556
15.83,50.0,99.99560277777778
15.84,50.0,99.9956
15.85,50.0,99.99559722222222
15.860000000000001,50.0,99.99559444444445
15.870000000000001,50.0,99.99559166666667
15.88,50.0,99.99558888888889
15.89,50.0,99.99558611111111
15.9,50.0,99.99558333333333
15.91,50.0,99.99558055555555
15.92,50.0,99.99557777777778
15.93,50.0,99.995575
15.94,50.0,99.99557222222222
15.950000000000001,50.0,99.99556944444444
15.96,50.0,99.99556666666666
15.97,50.0,99.9955638888889
15.98,50.0,99.99556111111112
15.99,50.0,99.99555833333334
16.0,50.0,99.99555555555555
16.01,50.0,99.99555277777777
16.02,50.0,99.99555
16.03,50.0,99.99554722222223
16.04,50.0,99.99554444444445
16.05,50.0,99.99554166666667
16.06,50.0,99.99553888888889
16.07,50.0,99.99553611111111
16.080000000000002,50.0,99.99553333333333
16.09,50.0,99.99553055555556
16.1,50.0,99.99552777777778
16.11,50.0,99.995525
16.12,50.0,99.99552222222222
16.13,50.0,99.99551944444444
16.14,50.0,99.99551666666666
16.15,50.0,99.9955138888889
16.16,50.0,99.99551111111111
16.17,50.0,99.99550833333333
16.18,50.0,99.99550555555555
16.19,50.0,99.99550277777777
16.2,50.0,99.9955
16.21,50.0,99.99549722222223
16.22,50.0,99.99549444444445
16.23,50.0,99.99549166666667
16.240000000000002,50.0,99.99548888888889
16.25,50.0,99.9954861111111
16.26,50.0,99.99548333333334
16.27,50.0,99.99548055555556
16.28,50.0,99.99547777777778
16.29,50.0,99.995475
16.3,50.0,99.99547222222222
16.31,50.0,99.99546944444444
16.32,50.0,99.99546666666667
16.330000000000002,50.0,99.99546388888889
16.34,50.0,99.99546111111111
16.35,50.0,99.99545833333333
16.36,50.0,99.99545555555555
16.37,50.0,99.99545277777777
16.38,50.0,99.99545
16.39,50.0,99.99544722222223
16.4,50.0,99.99544444444444
16.41,50.0,99.99544166666666
16.42,50.0,99.99543888888888
16.43,50.0,99.9954361111111
16.44,50.0,99.99543333333334
16.45,50.0,99.99543055555556
16.46,50.0,99.99542777777778
16.47,50.0,99.995425
16.48,50.0,99.99542222222222
16.490000000000002,50.0,99.99541944444445
16.5,50.0,99.99541666666667
16.51,50.0,99.99541388888889
16.52,50.0,99.99541111111111
16.53,50.0,99.99540833333333
16.54,50.0,99.99540555555555
16.55,50.0,99.99540277777778
16.56,50.0,99.9954
16.57,50.0,99.99539722222222
16.580000000000002,50.0,99.99539444444444
16.59,50.0,99.99539166666666
16.6,50.0,99.99538888888888
16.61,50.0,99.99538611111112
16.62,50.0,99.99538333333334
16.63,50.0,99.99538055555556
16.64,50.0,99.99537777777778
16.65,50.0,99.995375
16.66,50.0,99.99537222222222
16.67,50.0,99.99536944444445
16.68,50.0,99.99536666666667
16.69,50.0,99.99536388888889
16.7,50.0,99.99536111111111
16.71,50.0,99.99535833333333
16.72,50.0,99.99535555555556
16.73,50.0,99.99535277777778
16.740000000000002,50.0,99.99535
16.75,50.0,99.99534722222222
16.76,50.0,99.99534444444444
16.77,50.0,99.99534166666666
16.78,50.0,99.9953388888889
16.79,50.0,99.99533611111111
16.8,50.0,99.99533333333333
16.81,50.0,99.99533055555555
16.82,50.0,99.99532777777777
16.830000000000002,50.0,99.995325
16.84,50.0,99.99532222222223
16.85,50.0,99.99531944444445
16.86,50.0,99.99531666666667
16.87,50.0,99.99531388888889
16.88,50.0,99.9953111111111
16.89,50.0,99.99530833333333
16.9,50.0,99.99530555555556
16.91,50.0,99.99530277777778
16.92,50.0,99.9953
16.93,50.0,99.99529722222222
16.94,50.0,99.99529444444444
16.95,50.0,99.99529166666667
16.96,50.0,99.9952888888889
16.97,50.0,99.99528611111111
16.98,50.0,99.99528333333333
16.990000000000002,50.0,99.99528055555555
17.0,50.0,99.99527777777777
17.01,50.0,99.995275
17.02,50.0,99.99527222222223
17.03,50.0,99.99526944444445
17.04,50.0,99.99526666666667
17.05,50.0,99.99526388888889
17.06,50.0,99.9952611111111
17.07,50.0,99.99525833333334
17.080000000000002,50.0,99.99525555555556
17.09,50.0,99.99525277777778
17.1,50.0,99.99525
17.11,50.0,99.99524722222222
17.12,50.0,99.99524444444444
17.13,50.0,99.99524166666667
17.14,50.0,99.99523888888889
17.150000000000002,50.0,99.99523611111111
17.16,50.0,99.99523333333333
17.17,50.0,99.99523055555555
17.18,50.0,99.99522777777777
17.19,50.0,99.995225
17.2,50.0,99.99522222222222
17.21,50.0,99.99521944444444
17.22,50.0,99.99521666666666
17.23,50.0,99.99521388888888
17.240000000000002,50.0,99.99521111111112
17.25,50.0,99.99520833333334
17.26,50.0,99.99520555555556
17.27,50.0,99.99520277777778
17.28,50.0,99.9952
17.29,50.0,99.99519722222222
17.3,50.0,99.99519444444445
17.31,50.0,99.99519166666667
17.32,50.0,99.99518888888889
17.330000000000002,50.0,99.99518611111111
17.34,50.0,99.99518333333333
17.35,50.0,99.99518055555555
17.36,50.0,99.99517777777778
17.37,50.0,99.995175
17.38,50.0,99.99517222222222
17.39,50.0,99.99516944444444
17.400000000000002,50.0,99.99516666666666
17.41,50.0,99.99516388888888
17.42,50.0,99.99516111111112
17.43,50.0,99.99515833333334
17.44,50.0,99.99515555555556
17.45,50.0,99.99515277777778
17.46,50.0,99.99515
17.47,50.0,99.99514722222223
17.48,50.0,99.99514444444445
17.490000000000002,50.0,99.99514166666667
17.5,50.0,99.99513888888889
17.51,50.0,99.99513611111111
17.52,50.0,99.99513333333333
17.53,50.0,99.99513055555556
17.54,50.0,99.99512777777778
17.55,50.0,99.995125
17.56,50.0,99.99512222222222
17.57,50.0,99.99511944444444
17.580000000000002,50.0,99.99511666666666
17.59,50.0,99.9951138888889
17.6,50.0,99.99511111111111
17.61,50.0,99.99510833333333
17.62,50.0,99.99510555555555
17.63,50.0,99.99510277777777
17.64,50.0,99.9951
17.650000000000002,50.0,99.99509722222223
17.66,50.0,99.99509444444445
17.67,50.0,99.99509166666667
17.68,50.0,99.99508888888889
17.69,50.0,99.9950861111111
17.7,50.0,99.99508333333333
17.71,50.0,99.99508055555556
17.72,50.0,99.99507777777778
17.73,50.0,99.995075
17.740000000000002,50.0,99.99507222222222
17.75,50.0,99.99506944444444
17.76,50.0,99.99506666666667
17.77,50.0,99.9950638888889
17.78,50.0,99.99506111111111
17.79,50.0,99.99505833333333
17.8,50.0,99.99505555555555
17.81,50.0,99.99505277777777
17.82,50.0,99.99505
17.830000000000002,50.0,99.99504722222223
17.84,50.0,99.99504444444445
17.85,50.0,99.99504166666667
17.86,50.0,99.99503888888889
17.87,50.0,99.9950361111111
17.88,50.0,99.99503333333334
17.89,50.0,99.99503055555556
17.900000000000002,50.0,99.99502777777778
17.91,50.0,99.995025
17.92,50.0,99.99502222222222
17.93,50.0,99.99501944444444
17.94,50.0,99.99501666666667
17.95,50.0,99.99501388888889
17.96,50.0,99.99501111111111
17.97,50.0,99.99500833333333
17.98,50.0,99.99500555555555
17.990000000000002,50.0,99.99500277777778
18.0,50.0,99.995
18.01,50.0,99.99499722222222
18.02,50.0,99.99499444444444
18.03,50.0,99.99499166666666
18.04,50.0,99.99498888888888
18.05,50.0,99.99498611111112
18.06,50.0,99.99498333333334
18.07,50.0,99.99498055555556
18.080000000000002,50.0,99.99497777777778
18.09,50.0,99.994975
18.1,50.0,99.99497222222222
18.11,50.0,99.99496944444445
18.12,50.0,99.99496666666667
18.13,50.0,99.99496388888889
18.14,50.0,99.99496111111111
18.150000000000002,50.0,99.99495833333333
18.16,50.0,99.99495555555555
18.17,50.0,99.99495277777778
18.18,50.0,99.99495
18.19,50.0,99.99494722222222
18.2,50.0,99.99494444444444
18.21,50.0,99.99494166666666
18.22,50.0,99.99493888888888
18.23,50.0,99.99493611111112
18.240000000000002,50.0,99.99493333333334
18.25,50.0,99.99493055555556
18.26,50.0,99.99492777777778
18.27,50.0,99.994925
18.28,50.0,99.99492222222223
18.29,50.0,99.99491944444445
18.3,50.0,99.99491666666667
18.31,50.0,99.99491388888889
18.32,50.0,99.99491111111111
18.330000000000002,50.0,99.99490833333333
18.34,50.0,99.99490555555556
18.35,50.0,99.99490277777778
18.36,50.0,99.9949
18.37,50.0,99.99489722222222
18.38,50.0,99.99489444444444
18.39,50.0,99.99489166666666
18.400000000000002,50.0,99.9948888888889
18.41,50.0,99.99488611111111
18.42,50.0,99.99488333333333
18.43,50.0,99.99488055555555
18.44,50.0,99.99487777777777
18.45,50.0,99.994875
18.46,50.0,99.99487222222223
18.47,50.0,99.99486944444445
18.48,50.0,99.99486666666667
18.490000000000002,50.0,99.99486388888889
18.5,50.0,99.9948611111111
18.51,50.0,99.99485833333334
18.52,50.0,99.99485555555556
18.53,50.0,99.99485277777778
18.54,50.0,99.99485
18.55,50.0,99.99484722222222
18.56,50.0,99.99484444444444
18.57,50.0,99.99484166666667
18.580000000000002,50.0,99.99483888888889
18.59,50.0,99.99483611111111
18.6,50.0,99.99483333333333
18.61,50.0,99.99483055555555
18.62,50.0,99.99482777777777
18.63,50.0,99.994825
18.64,50.0,99.99482222222223
18.650000000000002,50.0,99.99481944444445
18.66,50.0,99.99481666666667
18.67,50.0,99.99481388888888
18.68,50.0,99.9948111111111
18.69,50.0,99.99480833333334
18.7,50.0,99.99480555555556
18.71,50.0,99.99480277777778
18.72,50.0,99.9948
18.73,50.0,99.99479722222222
18.740000000000002,50.0,99.99479444444444
18.75,50.0,99.99479166666667
18.76,50.0,99.99478888888889
18.77,50.0,99.99478611111111
18.78,50.0,99.99478333333333
18.79,50.0,99.99478055555555
18.8,50.0,99.99477777777778
18.81,50.0,99.994775
18.82,50.0,99.99477222222222
18.830000000000002,50.0,99.99476944444444
18.84,50.0,99.99476666666666
18.85,50.0,99.99476388888888
18.86,50.0,99.99476111111112
18.87,50.0,99.99475833333334
18.88,50.0,99.99475555555556
18.89,50.0,99.99475277777778
18.900000000000002,50.0,99.99475
18.91,50.0,99.99474722222222
18.92,50.0,99.99474444444445
18.93,50.0,99.99474166666667
18.94,50.0,99.99473888888889
18.95,50.0,99.99473611111111
18.96,50.0,99.99473333333333
18.97,50.0,99.99473055555555
18.98,50.0,99.99472777777778
18.990000000000002,50.0,99.994725
19.0,50.0,99.99472222222222
19.01,50.0,99.99471944444444
19.02,50.0,99.99471666666666
19.03,50.0,99.9947138888889
19.04,50.0,99.99471111111112
19.05,50.0,99.99470833333334
19.06,50.0,99.99470555555556
19.07,50.0,99.99470277777777
19.080000000000002,50.0,99.9947
19.09,50.0,99.99469722222223
19.1,50.0,99.99469444444445
19.11,50.0,99.99469166666667
19.12,50.0,99.99468888888889
19.13,50.0,99.99468611111111
19.14,50.0,99.99468333333333
19.150000000000002,50.0,99.99468055555556
19.16,50.0,99.99467777777778
19.17,50.0,99.994675
19.18,50.0,99.99467222222222
19.19,50.0,99.99466944444444
19.2,50.0,99.99466666666666
19.21,50.0,99.9946638888889
19.22,50.0,99.99466111111111
19.23,50.0,99.99465833333333
19.240000000000002,50.0,99.99465555555555
19.25,50.0,99.99465277777777
19.26,50.0,99.99465
19.27,50.0,99.99464722222223
19.28,50.0,99.99464444444445
19.29,50.0,99.99464166666667
19.3,50.0,99.99463888888889
19.31,50.0,99.9946361111111
19.32,50.0,99.99463333333334
19.330000000000002,50.0,99.99463055555556
19.34,50.0,99.99462777777778
19.35,50.0,99.994625
19.36,50.0,99.99462222222222
19.37,50.0,99.99461944444444
19.38,50.0,99.99461666666667
19.39,50.0,99.99461388888889
19.400000000000002,50.0,99.99461111111111
19.41,50.0,99.99460833333333
19.42,50.0,99.99460555555555
19.43,50.0,99.99460277777777
19.44,50.0,99.9946
19.45,50.0,99.99459722222223
19.46,50.0,99.99459444444445
19.47,50.0,99.99459166666666
19.48,50.0,99.99458888888888
19.490000000000002,50.0,99.9945861111111
19.5,50.0,99.99458333333334
19.51,50.0,99.99458055555556
19.52,50.0,99.99457777777778
19.53,50.0,99.994575
19.54,50.0,99.99457222222222
19.55,50.0,99.99456944444445
19.56,50.0,99.99456666666667
19.57,50.0,99.99456388888889
19.580000000000002,50.0,99.99456111111111
19.59,50.0,99.99455833333333
19.6,50.0,99.99455555555555
19.61,50.0,99.99455277777778
19.62,50.0,99.99455
19.63,50.0,99.99454722222222
19.64,50.0,99.99454444444444
19.650000000000002,50.0,99.99454166666666
19.66,50.0,99.99453888888888
19.67,50.0,99.99453611111112
19.68,50.0,99.99453333333334
19.69,50.0,99.99453055555556
19.7,50.0,99.99452777777778
19.71,50.0,99.994525
19.72,50.0,99.99452222222222
19.73,50.0,99.99451944444445
19.740000000000002,50.0,99.99451666666667
19.75,50.0,99.99451388888889
19.76,50.0,99.99451111111111
19.77,50.0,99.99450833333333
19.78,50.0,99.99450555555556
19.79,50.0,99.99450277777778
19.8,50.0,99.9945
19.81,50.0,99.99449722222222
19.82,50.0,99.99449444444444
19.830000000000002,50.0,99.99449166666666
19.84,50.0,99.9944888888889
19.85,50.0,99.99448611111112
19.86,50.0,99.99448333333333
19.87,50.0,99.99448055555555
19.88,50.0,99.99447777777777
19.89,50.0,99.994475
19.900000000000002,50.0,99.99447222222223
19.91,50.0,99.99446944444445
19.92,50.0,99.99446666666667
19.93,50.0,99.99446388888889
19.94,50.0,99.99446111111111
19.95,50.0,99.99445833333333
19.96,50.0,99.99445555555556
19.97,50.0,99.99445277777778
19.98,50.0,99.99445
19.990000000000002,50.0,99.99444722222222
20.0,50.0,99.99444444444444
20.01,50.0,99.99444166666666
20.02,50.0,99.9944388888889
20.03,50.0,99.99443611111111
20.04,50.0,99.99443333333333
20.05,50.0,99.99443055555555
20.06,50.0,99.99442777777777
20.07,50.0,99.994425
20.080000000000002,50.0,99.99442222222223
20.09,50.0,99.99441944444445
20.1,50.0,99.99441666666667
20.11,50.0,99.99441388888889
20.12,50.0,99.9944111111111
20.13,50.0,99.99440833333334
20.14,50.0,99.99440555555556
20.150000000000002,50.0,99.99440277777778
20.16,50.0,99.9944
20.17,50.0,99.99439722222222
20.18,50.0,99.99439444444444
20.19,50.0,99.99439166666667
20.2,50.0,99.99438888888889
20.21,50.0,99.99438611111111
20.22,50.0,99.99438333333333
20.23,50.0,99.99438055555555
20.240000000000002,50.0,99.99437777777777
20.25,50.0,99.994375
20.26,50.0,99.99437222222222
20.27,50.0,99.99436944444444
20.28,50.0,99.99436666666666
20.29,50.0,99.99436388888888
20.3,50.0,99.99436111111112
20.31,50.0,99.99435833333334
20.32,50.0,99.99435555555556
20.330000000000002,50.0,99.99435277777778
20.34,50.0,99.99435
20.35,50.0,99.99434722222222
20.36,50.0,99.99434444444445
20.37,50.0,99.99434166666667
20.38,50.0,99.99433888888889
20.39,50.0,99.99433611111111
20.400000000000002,50.0,99.99433333333333
20.41,50.0,99.99433055555555
20.42,50.0,99.99432777777778
20.43,50.0,99.994325
20.44,50.0,99.99432222222222
20.45,50.0,99.99431944444444
20.46,50.0,99.99431666666666
20.47,50.0,99.99431388888888
20.48,50.0,99.99431111111112
20.490000000000002,50.0,99.99430833333334
20.5,50.0,99.99430555555556
20.51,50.0,99.99430277777778
20.52,50.0,99.9943
20.53,50.0,99.99429722222222
20.54,50.0,99.99429444444445
20.55,50.0,99.99429166666667
20.56,50.0,99.99428888888889
20.57,50.0,99.99428611111111
20.580000000000002,50.0,99.99428333333333
20.59,50.0,99.99428055555556
20.6,50.0,99.99427777777778
20.61,50.0,99.994275
20.62,50.0,99.99427222222222
20.63,50.0,99.99426944444444
20.64,50.0,99.99426666666666
20.650000000000002,50.0,99.9942638888889
20.66,50.0,99.99426111111111
20.67,50.0,99.99425833333333
20.68,50.0,99.99425555555555
20.69,50.0,99.99425277777777
20.7,50.0,99.99425
20.71,50.0,99.99424722222223
20.72,50.0,99.99424444444445
20.73,50.0,99.99424166666667
20.740000000000002,50.0,99.99423888888889
20.75,50.0,99.9942361111111
20.76,50.0,99.99423333333333
20.77,50.0,99.99423055555556
20.78,50.0,99.99422777777778
20.79,50.0,99.994225
20.8,50.0,99.99422222222222
20.81,50.0,99.99421944444444
20.82,50.0,99.99421666666667
20.830000000000002,50.0,99.9942138888889
20.84,50.0,99.99421111111111
20.85,50.0,99.99420833333333
20.86,50.0,99.99420555555555
20.87,50.0,99.99420277777777
20.88,50.0,99.9942
20.89,50.0,99.99419722222223
20.900000000000002,50.0,99.99419444444445
20.91,50.0,99.99419166666667
20.92,50.0,99.99418888888889
20.93,50.0,99.9941861111111
20.94,50.0,99.99418333333334
20.95,50.0,99.99418055555556
20.96,50.0,99.99417777777778
20.97,50.0,99.994175
20.98,50.0,99.99417222222222
20.990000000000002,50.0,99.99416944444444
21.0,50.0,99.99416666666667
21.01,50.0,99.99416388888889
21.02,50.0,99.99416111111111
21.03,50.0,99.99415833333333
21.04,50.0,99.99415555555555
21.05,50.0,99.99415277777777
21.06,50.0,99.99415
21.07,50.0,99.99414722222222
21.080000000000002,50.0,99.99414444444444
21.09,50.0,99.99414166666666
21.1,50.0,99.99413888888888
21.11,50.0,99.99413611111112
21.12,50.0,99.99413333333334
21.13,50.0,99.99413055555556
21.14,50.0,99.99412777777778
21.150000000000002,50.0,99.994125
21.16,50.0,99.99412222222222
21.17,50.0,99.99411944444445
21.18,50.0,99.99411666666667
21.19,50.0,99.99411388888889
21.2,50.0,99.99411111111111
21.21,50.0,99.99410833333333
21.22,50.0,99.99410555555555
21.23,50.0,99.99410277777778
21.240000000000002,50.0,99.9941
21.25,50.0,99.99409722222222
21.26,50.0,99.99409444444444
21.27,50.0,99.99409166666666
21.28,50.0,99.99408888888888
21.29,50.0,99.99408611111112
21.3,50.0,99.99408333333334
21.31,50.0,99.99408055555556
21.32,50.0,99.99407777777778
21.330000000000002,50.0,99.994075
21.34,50.0,99.99407222222223
21.35,50.0,99.99406944444445
21.36,50.0,99.99406666666667
21.37,50.0,99.99406388888889
21.38,50.0,99.99406111111111
21.39,50.0,99.99405833333333
21.400000000000002,50.0,99.99405555555556
21.41,50.0,99.99405277777778
21.42,50.0,99.99405
21.43,50.0,99.99404722222222
21.44,50.0,99.99404444444444
21.45,50.0,99.99404166666666
21.46,50.0,99.9940388888889
21.47,50.0,99.99403611111111
21.48,50.0,99.99403333333333
21.490000000000002,50.0,99.99403055555555
21.5,50.0,99.99402777777777
21.51,50.0,99.994025
21.52,50.0,99.99402222222223
21.53,50.0,99.99401944444445
21.54,50.0,99.99401666666667
21.55,50.0,99.99401388888889
21.56,50.0,99.9940111111111
21.57,50.0,99.99400833333333
21.580000000000002,50.0,99.99400555555556
21.59,50.0,99.99400277777778
21.6,50.0,99.994
21.61,50.0,99.99399722222222
21.62,50.0,99.99399444444444
21.63,50.0,99.99399166666667
21.64,50.0,99.9939888888889
21.650000000000002,50.0,99.99398611111111
21.66,50.0,99.99398333333333
21.67,50.0,99.99398055555555
21.68,50.0,99.99397777777777
21.69,50.0,99.993975
21.7,50.0,99.99397222222223
21.71,50.0,99.99396944444445
21.72,50.0,99.99396666666667
21.73,50.0,99.99396388888889
21.740000000000002,50.0,99.9939611111111
21.75,50.0,99.99395833333334
21.76,50.0,99.99395555555556
21.77,50.0,99.99395277777778
21.78,50.0,99.99395
21.79,50.0,99.99394722222222
21.8,50.0,99.99394444444444
21.81,50.0,99.99394166666667
21.82,50.0,99.99393888888889
21.830000000000002,50.0,99.99393611111111
21.84,50.0,99.99393333333333
21.85,50.0,99.99393055555555
21.86,50.0,99.99392777777778
21.87,50.0,99.993925
21.88,50.0,99.99392222222222
21.89,50.0,99.99391944444444
21.900000000000002,50.0,99.99391666666666
21.91,50.0,99.99391388888888
21.92,50.0,99.99391111111112
21.93,50.0,99.99390833333334
21.94,50.0,99.99390555555556
21.95,50.0,99.99390277777778
21.96,50.0,99.9939
21.97,50.0,99.99389722222222
21.98,50.0,99.99389444444445
21.990000000000002,50.0,99.99389166666667
22.0,50.0,99.99388888888889
22.01,50.0,99.99388611111111
22.02,50.0,99.99388333333333
22.03,50.0,99.99388055555555
22.04,50.0,99.99387777777778
22.05,50.0,99.993875
22.06,50.0,99.99387222222222
22.07,50.0,99.99386944444444
22.080000000000002,50.0,99.99386666666666
22.09,50.0,99.9938638888889
22.1,50.0,99.99386111111112
22.11,50.0,99.99385833333334
22.12,50.0,99.99385555555556
22.13,50.0,99.99385277777778
22.14,50.0,99.99385
22.150000000000002,50.0,99.99384722222223
22.16,50.0,99.99384444444445
22.17,50.0,99.99384166666667
22.18,50.0,99.99383888888889
22.19,50.0,99.99383611111111
22.2,50.0,99.99383333333333
22.21,50.0,99.99383055555556
22.22,50.0,99.99382777777778
22.23,50.0,99.993825
22.240000000000002,50.0,99.99382222222222
22.25,50.0,99.99381944444444
22.26,50.0,99.99381666666666
22.27,50.0,99.9938138888889
22.28,50.0,99.99381111111111
22.29,50.0,99.99380833333333
22.3,50.0,99.99380555555555
22.31,50.0,99.99380277777777
22.32,50.0,99.9938
22.330000000000002,50.0,99.99379722222223
22.34,50.0,99.99379444444445
22.35,50.0,99.99379166666667
22.36,50.0,99.99378888888889
22.37,50.0,99.9937861111111
22.38,50.0,99.99378333333334
22.39,50.0,99.99378055555556
22.400000000000002,50.0,99.99377777777778
22.41,50.0,99.993775
22.42,50.0,99.99377222222222
22.43,50.0,99.99376944444444
22.44,50.0,99.99376666666667
22.45,50.0,99.99376388888889
22.46,50.0,99.99376111111111
22.47,50.0,99.99375833333333
22.48,50.0,99.99375555555555
22.490000000000002,50.0,99.99375277777777
22.5,50.0,99.99375
22.51,50.0,99.99374722222223
22.52,50.0,99.99374444444445
22.53,50.0,99.99374166666666
22.54,50.0,99.99373888888888
22.55,50.0,99.9937361111111
22.56,50.0,99.99373333333334
22.57,50.0,99.99373055555556
22.580000000000002,50.0,99.99372777777778
22.59,50.0,99.993725
22.6,50.0,99.99372222222222
22.61,50.0,99.99371944444445
22.62,50.0,99.99371666666667
22.63,50.0,99.99371388888889
22.64,50.0,99.99371111111111
22.650000000000002,50.0,99.99370833333333
22.66,50.0,99.99370555555555
22.67,50.0,99.99370277777778
22.68,50.0,99.9937
22.69,50.0,99.99369722222222
22.7,50.0,99.99369444444444
22.71,50.0,99.99369166666666
22.72,50.0,99.99368888888888
22.73,50.0,99.99368611111112
22.740000000000002,50.0,99.99368333333334
22.75,50.0,99.99368055555556
22.76,50.0,99.99367777777778
22.77,50.0,99.993675
22.78,50.0,99.99367222222222
22.79,50.0,99.99366944444445
22.8,50.0,99.99366666666667
22.81,50.0,99.99366388888889
22.82,50.0,99.99366111111111
22.830000000000002,50.0,99.99365833333333
22.84,50.0,99.99365555555555
22.85,50.0,99.99365277777778
22.86,50.0,99.99365
22.87,50.0,99.99364722222222
22.88,50.0,99.99364444444444
22.89,50.0,99.99364166666666
22.900000000000002,50.0,99.9936388888889
22.91,50.0,99.99363611111112
22.92,50.0,99.99363333333334
22.93,50.0,99.99363055555555
22.94,50.0,99.99362777777777
22.95,50.0,99.993625
22.96,50.0,99.99362222222223
22.97,50.0,99.99361944444445
22.98,50.0,99.99361666666667
22.990000000000002,50.0,99.99361388888889
23.0,50.0,99.99361111111111
23.01,50.0,99.99360833333333
23.02,50.0,99.99360555555556
23.03,50.0,99.99360277777778
23.04,50.0,99.9936
23.05,50.0,99.99359722222222
23.06,50.0,99.99359444444444
23.07,50.0,99.99359166666666
23.080000000000002,50.0,99.9935888888889
23.09,50.0,99.99358611111111
23.1,50.0,99.99358333333333
23.11,50.0,99.99358055555555
23.12,50.0,99.99357777777777
23.13,50.0,99.993575
23.14,50.0,99.99357222222223
23.150000000000002,50.0,99.99356944444445
23.16,50.0,99.99356666666667
23.17,50.0,99.99356388888889
23.18,50.0,99.9935611111111
23.19,50.0,99.99355833333334
23.2,50.0,99.99355555555556
23.21,50.0,99.99355277777778
23.22,50.0,99.99355
23.23,50.0,99.99354722222222
23.240000000000002,50.0,99.99354444444444
23.25,50.0,99.99354166666667
23.26,50.0,99.99353888888889
23.27,50.0,99.99353611111111
23.28,50.0,99.99353333333333
23.29,50.0,99.99353055555555
23.3,50.0,99.99352777777777
23.31,50.0,99.993525
23.32,50.0,99.99352222222223
23.330000000000002,50.0,99.99351944444444
23.34,50.0,99.99351666666666
23.35,50.0,99.99351388888888
23.36,50.0,99.9935111111111
23.37,50.0,99.99350833333334
23.38,50.0,99.99350555555556
23.39,50.0,99.99350277777778
23.400000000000002,50.0,99.9935
23.41,50.0,99.99349722222222
23.42,50.0,99.99349444444445
23.43,50.0,99.99349166666667
23.44,50.0,99.99348888888889
23.45,50.0,99.99348611111111
23.46,50.0,99.99348333333333
23.47,50.0,99.99348055555555
23.48,50.0,99.99347777777778
23.490000000000002,50.0,99.993475
23.5,50.0,99.99347222222222
23.51,50.0,99.99346944444444
23.52,50.0,99.99346666666666
23.53,50.0,99.99346388888888
23.54,50.0,99.99346111111112
23.55,50.0,99.99345833333334
23.56,50.0,99.99345555555556
23.57,50.0,99.99345277777778
23.580000000000002,50.0,99.99345
23.59,50.0,99.99344722222222
23.6,50.0,99.99344444444445
23.61,50.0,99.99344166666667
23.62,50.0,99.99343888888889
23.63,50.0,99.99343611111111
23.64,50.0,99.99343333333333
23.650000000000002,50.0,99.99343055555556
23.66,50.0,99.99342777777778
23.67,50.0,99.993425
23.68,50.0,99.99342222222222
23.69,50.0,99.99341944444444
23.7,50.0,99.99341666666666
23.71,50.0,99.9934138888889
23.72,50.0,99.99341111111112
23.73,50.0,99.99340833333333
23.740000000000002,50.0,99.99340555555555
23.75,50.0,99.99340277777777
23.76,50.0,99.9934
23.77,50.0,99.99339722222223
23.78,50.0,99.99339444444445
23.79,50.0,99.99339166666667
23.8,50.0,99.99338888888889
23.81,50.0,99.9933861111111
23.82,50.0,99.99338333333333
23.830000000000002,50.0,99.99338055555556
23.84,50.0,99.99337777777778
23.85,50.0,99.993375
23.86,50.0,99.99337222222222
23.87,50.0,99.99336944444444
23.88,50.0,99.99336666666666
23.89,50.0,99.9933638888889
23.900000000000002,50.0,99.99336111111111
23.91,50.0,99.99335833333333
23.92,50.0,99.99335555555555
23.93,50.0,99.99335277777777
23.94,50.0,99.99335
23.95,50.0,99.99334722222223
23.96,50.0,99.99334444444445
23.97,50.0,99.99334166666667
23.98,50.0,99.99333888888889
23.990000000000002,50.0,99.9933361111111
24.0,50.0,99.99333333333334
24.01,50.0,99.99333055555556
24.02,50.0,99.99332777777778
24.03,50.0,99.993325
24.04,50.0,99.99332222222222
24.05,50.0,99.99331944444444
24.060000000000002,50.0,99.99331666666667
24.07,50.0,99.99331388888889
24.080000000000002,50.0,99.99331111111111
24.09,50.0,99.99330833333333
24.1,50.0,99.99330555555555
24.11,50.0,99.99330277777777
24.12,50.0,99.9933
24.13,50.0,99.99329722222222
24.14,50.0,99.99329444444444
24.150000000000002,50.0,99.99329166666666
24.16,50.0,99.99328888888888
24.17,50.0,99.99328611111112
24.18,50.0,99.99328333333334
24.19,50.0,99.99328055555556
24.2,50.0,99.99327777777778
24.21,50.0,99.993275
24.22,50.0,99.99327222222222
24.23,50.0,99.99326944444445
24.240000000000002,50.0,99.99326666666667
24.25,50.0,99.99326388888889
24.26,50.0,99.99326111111111
24.27,50.0,99.99325833333333
24.28,50.0,99.99325555555555
24.29,50.0,99.99325277777778
24.3,50.0,99.99325
24.310000000000002,50.0,99.99324722222222
24.32,50.0,99.99324444444444
24.330000000000002,50.0,99.99324166666666
24.34,50.0,99.99323888888888
24.35,50.0,99.99323611111112
24.36,50.0,99.99323333333334
24.37,50.0,99.99323055555556
24.38,50.0,99.99322777777778
24.39,50.0,99.993225
24.400000000000002,50.0,99.99322222222223
24.41,50.0,99.99321944444445
24.42,50.0,99.99321666666667
24.43,50.0,99.99321388888889
24.44,50.0,99.99321111111111
24.45,50.0,99.99320833333333
24.46,50.0,99.99320555555556
24.47,50.0,99.99320277777778
24.48,50.0,99.9932
24.490000000000002,50.0,99.99319722222222
24.5,50.0,99.99319444444444
24.51,50.0,99.99319166666666
24.52,50.0,99.9931888888889
24.53,50.0,99.99318611111111
24.54,50.0,99.99318333333333
24.55,50.0,99.99318055555555
24.560000000000002,50.0,99.99317777777777
24.57,50.0,99.993175
24.580000000000002,50.0,99.99317222222223
24.59,50.0,99.99316944444445
24.6,50.0,99.99316666666667
24.61,50.0,99.99316388888889
24.62,50.0,99.9931611111111
24.63,50.0,99.99315833333333
24.64,50.0,99.99315555555556
24.650000000000002,50.0,99.99315277777778
24.66,50.0,99.99315
24.67,50.0,99.99314722222222
24.68,50.0,99.99314444444444
24.69,50.0,99.99314166666667
24.7,50.0,99.9931388888889
24.71,50.0,99.99313611111111
24.72,50.0,99.99313333333333
24.73,50.0,99.99313055555555
24.740000000000002,50.0,99.99312777777777
24.75,50.0,99.993125
24.76,50.0,99.99312222222223
24.77,50.0,99.99311944444445
24.78,50.0,99.99311666666667
24.79,50.0,99.99311388888889
24.8,50.0,99.9931111111111
24.810000000000002,50.0,99.99310833333334
24.82,50.0,99.99310555555556
24.830000000000002,50.0,99.99310277777778
24.84,50.0,99.9931
24.85,50.0,99.99309722222222
24.86,50.0,99.99309444444444
24.87,50.0,99.99309166666667
24.88,50.0,99.99308888888889
24.89,50.0,99.99308611111111
24.900000000000002,50.0,99.99308333333333
24.91,50.0,99.99308055555555
24.92,50.0,99.99307777777778
24.93,50.0,99.993075
24.94,50.0,99.99307222222222
24.95,50.0,99.99306944444444
24.96,50.0,99.99306666666666
24.97,50.0,99.99306388888888
24.98,50.0,99.99306111111112
24.990000000000002,50.0,99.99305833333334
25.0,50.0,99.99305555555556
25.01,50.0,99.99305277777778
25.02,50.0,99.99305
25.03,50.0,99.99304722222222
25.04,50.0,99.99304444444445
25.05,50.0,99.99304166666667
25.060000000000002,50.0,99.99303888888889
25.07,50.0,99.99303611111111
25.080000000000002,50.0,99.99303333333333
25.09,50.0,99.99303055555555
25.1,50.0,99.99302777777778
25.11,50.0,99.993025
25.12,50.0,99.99302222222222
25.13,50.0,99.99301944444444
25.14,50.0,99.99301666666666
25.150000000000002,50.0,99.99301388888888
25.16,50.0,99.99301111111112
25.17,50.0,99.99300833333334
25.18,50.0,99.99300555555556
25.19,50.0,99.99300277777778
25.2,50.0,99.993
25.21,50.0,99.99299722222223
25.22,50.0,99.99299444444445
25.23,50.0,99.99299166666667
25.240000000000002,50.0,99.99298888888889
25.25,50.0,99.99298611111111
25.26,50.0,99.99298333333333
25.27,50.0,99.99298055555556
25.28,50.0,99.99297777777778
25.29,50.0,99.992975
25.3,50.0,99.99297222222222
25.310000000000002,50.0,99.99296944444444
25.32,50.0,99.99296666666666
25.330000000000002,50.0,99.9929638888889
25.34,50.0,99.99296111111111
25.35,50.0,99.99295833333333
25.36,50.0,99.99295555555555
25.37,50.0,99.99295277777777
25.38,50.0,99.99295
25.39,50.0,99.99294722222223
25.400000000000002,50.0,99.99294444444445
25.41,50.0,99.99294166666667
25.42,50.0,99.99293888888889
25.43,50.0,99.9929361111111
25.44,50.0,99.99293333333334
25.45,50.0,99.99293055555556
25.46,50.0,99.99292777777778
25.47,50.0,99.992925
25.48,50.0,99.99292222222222
25.490000000000002,50.0,99.99291944444444
25.5,50.0,99.99291666666667
25.51,50.0,99.99291388888889
25.52,50.0,99.99291111111111
25.53,50.0,99.99290833333333
25.54,50.0,99.99290555555555
25.55,50.0,99.99290277777777
25.560000000000002,50.0,99.9929
25.57,50.0,99.99289722222223
25.580000000000002,50.0,99.99289444444445
25.59,50.0,99.99289166666667
25.6,50.0,99.99288888888888
25.61,50.0,99.9928861111111
25.62,50.0,99.99288333333334
25.63,50.0,99.99288055555556
25.64,50.0,99.99287777777778
25.650000000000002,50.0,99.992875
25.66,50.0,99.99287222222222
25.67,50.0,99.99286944444444
25.68,50.0,99.99286666666667
25.69,50.0,99.99286388888889
25.7,50.0,99.99286111111111
25.71,50.0,99.99285833333333
25.72,50.0,99.99285555555555
25.73,50.0,99.99285277777778
25.740000000000002,50.0,99.99285
25.75,50.0,99.99284722222222
25.76,50.0,99.99284444444444
25.77,50.0,99.99284166666666
25.78,50.0,99.99283888888888
25.79,50.0,99.99283611111112
25.8,50.0,99.99283333333334
25.810000000000002,50.0,99.99283055555556
25.82,50.0,99.99282777777778
25.830000000000002,50.0,99.992825
25.84,50.0,99.99282222222222
25.85,50.0,99.99281944444445
25.86,50.0,99.99281666666667
25.87,50.0,99.99281388888889
25.88,50.0,99.99281111111111
25.89,50.0,99.99280833333333
25.900000000000002,50.0,99.99280555555555
25.91,50.0,99.99280277777778
25.92,50.0,99.9928
25.93,50.0,99.99279722222222
25.94,50.0,99.99279444444444
25.95,50.0,99.99279166666666
25.96,50.0,99.9927888888889
25.97,50.0,99.99278611111112
25.98,50.0,99.99278333333334
25.990000000000002,50.0,99.99278055555556
26.0,50.0,99.99277777777777
26.01,50.0,99.992775
26.02,50.0,99.99277222222223
26.03,50.0,99.99276944444445
26.04,50.0,99.99276666666667
26.05,50.0,99.99276388888889
26.060000000000002,50.0,99.99276111111111
26.07,50.0,99.99275833333333
26.080000000000002,50.0,99.99275555555556
26.09,50.0,99.99275277777778
26.1,50.0,99.99275
26.11,50.0,99.99274722222222
26.12,50.0,99.99274444444444
26.13,50.0,99.99274166666666
26.14,50.0,99.9927388888889
26.150000000000002,50.0,99.99273611111111
26.16,50.0,99.99273333333333
26.17,50.0,99.99273055555555
26.18,50.0,99.99272777777777
26.19,50.0,99.992725
26.2,50.0,99.99272222222223
26.21,50.0,99.99271944444445
26.22,50.0,99.99271666666667
26.23,50.0,99.99271388888889
26.240000000000002,50.0,99.9927111111111
26.25,50.0,99.99270833333334
26.26,50.0,99.99270555555556
26.27,50.0,99.99270277777778
26.28,50.0,99.9927
26.29,50.0,99.99269722222222
26.3,50.0,99.99269444444444
26.310000000000002,50.0,99.99269166666667
26.32,50.0,99.99268888888889
26.330000000000002,50.0,99.99268611111111
26.34,50.0,99.99268333333333
26.35,50.0,99.99268055555555
26.36,50.0,99.99267777777777
26.37,50.0,99.992675
26.38,50.0,99.99267222222223
26.39,50.0,99.99266944444445
26.400000000000002,50.0,99.99266666666666
26.41,50.0,99.99266388888888
26.42,50.0,99.9926611111111
26.43,50.0,99.99265833333334
26.44,50.0,99.99265555555556
26.45,50.0,99.99265277777778
26.46,50.0,99.99265
26.47,50.0,99.99264722222222
26.48,50.0,99.99264444444445
26.490000000000002,50.0,99.99264166666667
26.5,50.0,99.99263888888889
26.51,50.0,99.99263611111111
26.52,50.0,99.99263333333333
26.53,50.0,99.99263055555555
26.54,50.0,99.99262777777778
26.55,50.0,99.992625
26.560000000000002,50.0,99.99262222222222
26.57,50.0,99.99261944444444
26.580000000000002,50.0,99.99261666666666
26.59,50.0,99.99261388888888
26.6,50.0,99.99261111111112
26.61,50.0,99.99260833333334
26.62,50.0,99.99260555555556
26.63,50.0,99.99260277777778
26.64,50.0,99.9926
26.650000000000002,50.0,99.99259722222222
26.66,50.0,99.99259444444445
26.67,50.0,99.99259166666667
26.68,50.0,99.99258888888889
26.69,50.0,99.99258611111111
26.7,50.0,99.99258333333333
26.71,50.0,99.99258055555556
26.72,50.0,99.99257777777778
26.73,50.0,99.992575
26.740000000000002,50.0,99.99257222222222
26.75,50.0,99.99256944444444
26.76,50.0,99.99256666666666
26.77,50.0,99.9925638888889
26.78,50.0,99.99256111111112
26.79,50.0,99.99255833333333
26.8,50.0,99.99255555555555
26.810000000000002,50.0,99.99255277777777
26.82,50.0,99.99255
26.830000000000002,50.0,99.99254722222223
26.84,50.0,99.99254444444445
26.85,50.0,99.99254166666667
26.86,50.0,99.99253888888889
26.87,50.0,99.99253611111111
26.88,50.0,99.99253333333333
26.89,50.0,99.99253055555556
26.900000000000002,50.0,99.99252777777778
26.91,50.0,99.992525
26.92,50.0,99.99252222222222
26.93,50.0,99.99251944444444
26.94,50.0,99.99251666666666
26.95,50.0,99.9925138888889
26.96,50.0,99.99251111111111
26.97,50.0,99.99250833333333
26.98,50.0,99.99250555555555
26.990000000000002,50.0,99.99250277777777
27.0,50.0,99.9925
27.01,50.0,99.99249722222223
27.02,50.0,99.99249444444445
27.03,50.0,99.99249166666667
27.04,50.0,99.99248888888889
27.05,50.0,99.9924861111111
27.060000000000002,50.0,99.99248333333334
27.07,50.0,99.99248055555556
27.080000000000002,50.0,99.99247777777778
27.09,50.0,99.992475
27.1,50.0,99.99247222222222
27.11,50.0,99.99246944444444
27.12,50.0,99.99246666666667
27.13,50.0,99.99246388888889
27.14,50.0,99.99246111111111
27.150000000000002,50.0,99.99245833333333
27.16,50.0,99.99245555555555
27.17,50.0,99.99245277777777
27.18,50.0,99.99245
27.19,50.0,99.99244722222222
27.2,50.0,99.99244444444444
27.21,50.0,99.99244166666666
27.22,50.0,99.99243888888888
27.23,50.0,99.99243611111112
27.240000000000002,50.0,99.99243333333334
27.25,50.0,99.99243055555556
27.26,50.0,99.99242777777778
27.27,50.0,99.992425
27.28,50.0,99.99242222222222
27.29,50.0,99.99241944444445
27.3,50.0,99.99241666666667
27.310000000000002,50.0,99.99241388888889
27.32,50.0,99.99241111111111
27.330000000000002,50.0,99.99240833333333
27.34,50.0,99.99240555555555
27.35,50.0,99.99240277777778
27.36,50.0,99.9924
27.37,50.0,99.99239722222222
27.38,50.0,99.99239444444444
27.39,50.0,99.99239166666666
27.400000000000002,50.0,99.99238888888888
27.41,50.0,99.99238611111112
27.42,50.0,99.99238333333334
27.43,50.0,99.99238055555556
27.44,50.0,99.99237777777778
27.45,50.0,99.992375
27.46,50.0,99.99237222222222
27.47,50.0,99.99236944444445
27.48,50.0,99.99236666666667
27.490000000000002,50.0,99.99236388888889
27.5,50.0,99.99236111111111
27.51,50.0,99.99235833333333
27.52,50.0,99.99235555555556
27.53,50.0,99.99235277777778
27.54,50.0,99.99235
27.55,50.0,99.99234722222222
27.560000000000002,50.0,99.99234444444444
27.57,50.0,99.99234166666666
27.580000000000002,50.0,99.9923388888889
27.59,50.0,99.99233611111111
27.6,50.0,99.99233333333333
27.61,50.0,99.99233055555555
27.62,50.0,99.99232777777777
27.63,50.0,99.992325
27.64,50.0,99.99232222222223
27.650000000000002,50.0,99.99231944444445
27.66,50.0,99.99231666666667
27.67,50.0,99.99231388888889
27.68,50.0,99.9923111111111
27.69,50.0,99.99230833333333
27.7,50.0,99.99230555555556
27.71,50.0,99.99230277777778
27.72,50.0,99.9923
27.73,50.0,99.99229722222222
27.740000000000002,50.0,99.99229444444444
27.75,50.0,99.99229166666667
27.76,50.0,99.9922888888889
27.77,50.0,99.99228611111111
27.78,50.0,99.99228333333333
27.79,50.0,99.99228055555555
27.8,50.0,99.99227777777777
27.810000000000002,50.0,99.992275
27.82,50.0,99.99227222222223
27.830000000000002,50.0,99.99226944444445
27.84,50.0,99.99226666666667
27.85,50.0,99.99226388888889
27.86,50.0,99.9922611111111
27.87,50.0,99.99225833333334
27.88,50.0,99.99225555555556
27.89,50.0,99.99225277777778
27.900000000000002,50.0,99.99225
27.91,50.0,99.99224722222222
27.92,50.0,99.99224444444444
27.93,50.0,99.99224166666667
27.94,50.0,99.99223888888889
27.95,50.0,99.99223611111111
27.96,50.0,99.99223333333333
27.97,50.0,99.99223055555555
27.98,50.0,99.99222777777777
27.990000000000002,50.0,99.992225
28.0,50.0,99.99222222222222
28.01,50.0,99.99221944444444
28.02,50.0,99.99221666666666
28.03,50.0,99.99221388888888
28.04,50.0,99.99221111111112
28.05,50.0,99.99220833333334
28.060000000000002,50.0,99.99220555555556
28.07,50.0,99.99220277777778
28.080000000000002,50.0,99.9922
28.09,50.0,99.99219722222222
28.1,50.0,99.99219444444445
28.11,50.0,99.99219166666667
28.12,50.0,99.99218888888889
28.13,50.0,99.99218611111111
28.14,50.0,99.99218333333333
28.150000000000002,50.0,99.99218055555555
28.16,50.0,99.99217777777778
28.17,50.0,99.992175
28.18,50.0,99.99217222222222
28.19,50.0,99.99216944444444
28.2,50.0,99.99216666666666
28.21,50.0,99.99216388888888
28.22,50.0,99.99216111111112
28.23,50.0,99.99215833333334
28.240000000000002,50.0,99.99215555555556
28.25,50.0,99.99215277777778
28.26,50.0,99.99215
28.27,50.0,99.99214722222223
28.28,50.0,99.99214444444445
28.29,50.0,99.99214166666667
28.3,50.0,99.99213888888889
28.310000000000002,50.0,99.99213611111111
28.32,50.0,99.99213333333333
28.330000000000002,50.0,99.99213055555556
28.34,50.0,99.99212777777778
28.35,50.0,99.992125
28.36,50.0,99.99212222222222
28.37,50.0,99.99211944444444
28.38,50.0,99.99211666666666
28.39,50.0,99.9921138888889
28.400000000000002,50.0,99.99211111111111
28.41,50.0,99.99210833333333
28.42,50.0,99.99210555555555
28.43,50.0,99.99210277777777
28.44,50.0,99.9921
28.45,50.0,99.99209722222223
28.46,50.0,99.99209444444445
28.47,50.0,99.99209166666667
28.48,50.0,99.99208888888889
28.490000000000002,50.0,99.9920861111111
28.5,50.0,99.99208333333333
28.51,50.0,99.99208055555556
28.52,50.0,99.99207777777778
28.53,50.0,99.992075
28.54,50.0,99.99207222222222
28.55,50.0,99.99206944444444
28.560000000000002,50.0,99.99206666666667
28.57,50.0,99.9920638888889
28.580000000000002,50.0,99.99206111111111
28.59,50.0,99.99205833333333
28.6,50.0,99.99205555555555
28.61,50.0,99.99205277777777
28.62,50.0,99.99205
28.63,50.0,99.99204722222223
28.64,50.0,99.99204444444445
28.650000000000002,50.0,99.99204166666667
28.66,50.0,99.99203888888889
28.67,50.0,99.9920361111111
28.68,50.0,99.99203333333334
28.69,50.0,99.99203055555556
28.7,50.0,99.99202777777778
28.71,50.0,99.992025
28.72,50.0,99.99202222222222
28.73,50.0,99.99201944444444
28.740000000000002,50.0,99.99201666666667
28.75,50.0,99.99201388888889
28.76,50.0,99.99201111111111
28.77,50.0,99.99200833333333
28.78,50.0,99.99200555555555
28.79,50.0,99.99200277777778
28.8,50.0,99.992
28.810000000000002,50.0,99.99199722222222
28.82,50.0,99.99199444444444
28.830000000000002,50.0,99.99199166666666
28.84,50.0,99.99198888888888
28.85,50.0,99.99198611111112
28.86,50.0,99.99198333333334
28.87,50.0,99.99198055555556
28.88,50.0,99.99197777777778
28.89,50.0,99.991975
28.900000000000002,50.0,99.99197222222222
28.91,50.0,99.99196944444445
28.92,50.0,99.99196666666667
28.93,50.0,99.99196388888889
28.94,50.0,99.99196111111111
28.95,50.0,99.99195833333333
28.96,50.0,99.99195555555555
28.97,50.0,99.99195277777778
28.98,50.0,99.99195
28.990000000000002,50.0,99.99194722222222
29.0,50.0,99.99194444444444
29.01,50.0,99.99194166666666
29.02,50.0,99.99193888888888
29.03,50.0,99.99193611111112
29.04,50.0,99.99193333333334
29.05,50.0,99.99193055555556
29.060000000000002,50.0,99.99192777777778
29.07,50.0,99.991925
29.080000000000002,50.0,99.99192222222223
29.09,50.0,99.99191944444445
29.1,50.0,99.99191666666667
29.11,50.0,99.99191388888889
29.12,50.0,99.99191111111111
29.13,50.0,99.99190833333333
29.14,50.0,99.99190555555556
29.150000000000002,50.0,99.99190277777778
29.16,50.0,99.9919
29.17,50.0,99.99189722222222
29.18,50.0,99.99189444444444
29.19,50.0,99.99189166666666
29.2,50.0,99.9918888888889
29.21,50.0,99.99188611111111
29.22,50.0,99.99188333333333
29.23,50.0,99.99188055555555
29.240000000000002,50.0,99.99187777777777
29.25,50.0,99.991875
29.26,50.0,99.99187222222223
29.27,50.0,99.99186944444445
29.28,50.0,99.99186666666667
29.29,50.0,99.99186388888889
29.3,50.0,99.9918611111111
29.310000000000002,50.0,99.99185833333334
29.32,50.0,99.99185555555556
29.330000000000002,50.0,99.99185277777778
29.34,50.0,99.99185
29.35,50.0,99.99184722222222
29.36,50.0,99.99184444444444
29.37,50.0,99.99184166666667
29.38,50.0,99.99183888888889
29.39,50.0,99.99183611111111
29.400000000000002,50.0,99.99183333333333
29.41,50.0,99.99183055555555
29.42,50.0,99.99182777777777
29.43,50.0,99.991825
29.44,50.0,99.99182222222223
29.45,50.0,99.99181944444445
29.46,50.0,99.99181666666667
29.47,50.0,99.99181388888888
29.48,50.0,99.9918111111111
29.490000000000002,50.0,99.99180833333334
29.5,50.0,99.99180555555556
29.51,50.0,99.99180277777778
29.52,50.0,99.9918
29.53,50.0,99.99179722222222
29.54,50.0,99.99179444444444
29.55,50.0,99.99179166666667
29.560000000000002,50.0,99.99178888888889
29.57,50.0,99.99178611111111
29.580000000000002,50.0,99.99178333333333
29.59,50.0,99.99178055555555
29.6,50.0,99.99177777777778
29.61,50.0,99.991775
29.62,50.0,99.99177222222222
29.63,50.0,99.99176944444444
29.64,50.0,99.99176666666666
29.650000000000002,50.0,99.99176388888888
29.66,50.0,99.99176111111112
29.67,50.0,99.99175833333334
29.68,50.0,99.99175555555556
29.69,50.0,99.99175277777778
29.7,50.0,99.99175
29.71,50.0,99.99174722222222
29.72,50.0,99.99174444444445
29.73,50.0,99.99174166666667
29.740000000000002,50.0,99.99173888888889
29.75,50.0,99.99173611111111
29.76,50.0,99.99173333333333
29.77,50.0,99.99173055555555
29.78,50.0,99.99172777777778
29.79,50.0,99.991725
29.8,50.0,99.99172222222222
29.810000000000002,50.0,99.99171944444444
29.82,50.0,99.99171666666666
29.830000000000002,50.0,99.9917138888889
29.84,50.0,99.99171111111112
29.85,50.0,99.99170833333334
29.86,50.0,99.99170555555555
29.87,50.0,99.99170277777777
29.88,50.0,99.9917
29.89,50.0,99.99169722222223
29.900000000000002,50.0,99.99169444444445
29.91,50.0,99.99169166666667
29.92,50.0,99.99168888888889
29.93,50.0,99.99168611111111
29.94,50.0,99.99168333333333
29.95,50.0,99.99168055555556
29.96,50.0,99.99167777777778
29.97,50.0,99.991675
29.98,50.0,99.99167222222222
29.990000000000002,50.0,99.99166944444444
30.0,50.0,99.99166666666666
